inventory_id,branch_id,medication_id,stock_quantity,last_restock,expiry_date
1,1,8,212,2026-01-21,2026-03-19
2,1,24,111,2025-12-10,2028-11-22
3,1,47,22,2025-11-17,2027-02-02
4,1,23,209,2026-01-31,2026-04-03
5,1,184,48,2026-02-02,2027-09-24
6,1,6,279,2026-01-02,2026-07-13
7,1,148,32,2026-01-18,2026-12-12
8,1,1,1,2026-01-12,2026-12-05
9,1,61,26,2025-11-20,2026-06-13
10,1,187,95,2025-12-11,2026-09-09
11,1,113,69,2026-01-21,2026-10-24
12,1,50,298,2025-11-29,2026-10-17
13,1,68,140,2026-02-07,2026-09-27
14,1,43,22,2025-12-14,2027-01-15
15,1,5,99,2026-02-03,2026-07-03
16,1,51,263,2025-11-11,2026-11-02
17,1,166,46,2026-01-07,2027-10-11
18,1,99,18,2025-12-30,2027-01-28
19,1,150,0,2025-12-09,2026-06-10
20,1,36,40,2025-12-25,2026-07-04
21,1,104,148,2026-01-10,2026-11-29
22,1,151,42,2026-01-24,2028-04-28
23,1,7,59,2025-12-10,2026-03-31
24,1,199,61,2025-12-17,2026-04-27
25,1,53,35,2026-01-29,2027-01-10
26,1,73,41,2025-12-15,2027-09-05
27,1,122,0,2026-01-08,2026-08-01
28,1,192,16,2026-01-22,2026-08-11
29,1,154,77,2026-01-27,2027-09-30
30,1,126,127,2026-02-02,2026-07-29
31,1,177,7,2025-12-24,2028-11-18
32,1,186,39,2026-01-15,2027-08-25
33,1,163,77,2025-11-21,2027-07-14
34,1,145,22,2026-01-24,2026-04-23
35,1,190,35,2025-12-24,2028-07-11
36,1,33,39,2025-11-23,2027-09-06
37,1,176,31,2026-01-31,2026-08-04
38,1,34,47,2025-12-24,2026-09-14
39,1,79,7,2025-12-16,2026-08-21
40,1,170,0,2025-12-06,2027-10-18
41,1,194,30,2025-11-26,2027-06-10
42,1,30,250,2026-02-03,2026-05-19
43,1,174,82,2026-01-09,2027-01-20
44,1,117,10,2025-11-11,2026-08-12
45,1,124,0,2025-12-28,2026-11-13
46,1,157,24,2025-11-28,2029-01-23
47,1,162,34,2025-12-12,2026-07-22
48,1,134,38,2025-12-08,2027-11-15
49,1,173,136,2026-02-07,2026-06-10
50,1,76,25,2025-11-30,2028-06-17
51,1,66,94,2026-01-19,2026-08-28
52,1,152,265,2026-01-04,2027-12-28
53,1,55,0,2026-01-02,2026-11-11
54,1,108,4,2025-11-11,2026-12-03
55,1,94,49,2025-12-08,2026-12-16
56,1,93,0,2025-11-14,2026-07-04
57,1,72,112,2025-12-02,2026-06-27
58,1,44,84,2025-11-23,2027-03-25
59,1,32,45,2026-01-03,2026-10-01
60,1,141,25,2026-01-06,2026-05-17
61,1,26,36,2026-01-01,2026-09-22
62,1,54,48,2026-01-09,2027-12-14
63,1,81,29,2025-12-26,2027-03-03
64,1,18,42,2026-01-13,2027-06-08
65,1,62,39,2025-11-22,2027-04-16
66,1,71,10,2025-12-02,2026-03-11
67,1,114,21,2025-12-13,2027-09-27
68,2,186,115,2025-12-28,2027-04-22
69,2,113,251,2026-01-02,2026-11-10
70,2,94,28,2025-11-16,2027-01-16
71,2,15,272,2026-01-12,2027-01-14
72,2,168,133,2025-12-11,2028-03-22
73,2,155,92,2025-11-26,2026-05-15
74,2,187,102,2025-12-05,2027-07-31
75,2,79,42,2026-01-01,2026-08-07
76,2,124,31,2025-11-23,2026-12-10
77,2,129,14,2026-01-21,2026-08-15
78,2,144,251,2026-01-31,2026-06-12
79,2,76,148,2026-01-30,2028-01-07
80,2,6,165,2026-01-27,2026-12-25
81,2,53,44,2025-12-21,2027-03-07
82,2,115,220,2025-11-11,2026-04-23
83,2,58,153,2025-12-13,2027-01-20
84,2,82,91,2025-12-27,2028-05-26
85,2,194,179,2025-12-16,2027-03-25
86,2,184,278,2026-01-21,2026-05-30
87,2,135,211,2026-01-02,2026-12-27
88,2,120,35,2025-12-09,2026-10-14
89,2,138,79,2026-01-12,2027-01-11
90,2,14,130,2025-12-22,2026-08-27
91,2,152,43,2025-12-15,2026-03-15
92,2,87,6,2026-01-03,2028-05-22
93,2,170,72,2025-12-12,2028-02-18
94,2,192,189,2026-01-03,2026-08-30
95,2,49,22,2026-01-15,2026-07-06
96,2,102,14,2026-01-12,2028-01-11
97,2,108,216,2026-01-19,2026-08-13
98,2,41,247,2025-12-30,2026-12-23
99,2,21,47,2025-11-28,2026-10-08
100,2,117,37,2025-11-21,2026-03-14
101,2,132,42,2026-02-05,2027-03-26
102,2,20,157,2025-11-18,2026-05-15
103,2,198,108,2025-12-04,2027-06-08
104,2,51,0,2025-12-24,2026-06-01
105,2,1,49,2025-11-15,2026-10-25
106,2,143,38,2025-11-12,2026-12-04
107,2,84,153,2025-12-16,2028-11-27
108,2,195,43,2026-01-07,2026-12-04
109,2,36,45,2025-12-11,2026-07-12
110,2,38,256,2026-02-08,2026-05-31
111,2,185,297,2026-01-28,2027-12-12
112,2,81,171,2025-12-01,2029-01-10
113,2,37,291,2026-01-23,2027-01-04
114,2,34,3,2026-01-19,2026-07-30
115,2,19,69,2026-01-15,2026-03-25
116,2,156,148,2026-01-16,2028-03-23
117,2,148,17,2026-01-18,2026-11-15
118,2,101,44,2026-01-20,2027-06-22
119,2,112,131,2025-11-22,2027-01-03
120,2,106,4,2025-11-28,2027-07-23
121,2,159,1,2025-12-11,2026-12-22
122,2,98,8,2026-01-18,2026-07-18
123,2,8,81,2025-11-25,2026-10-15
124,2,31,6,2025-12-01,2026-11-20
125,2,127,129,2026-01-01,2027-01-08
126,2,91,2,2025-12-30,2026-05-13
127,2,140,7,2025-12-04,2026-11-30
128,2,153,3,2025-11-27,2026-08-05
129,2,39,192,2025-11-14,2026-08-17
130,2,103,291,2026-01-03,2026-04-21
131,2,10,46,2026-02-06,2027-01-21
132,2,146,259,2025-12-07,2027-01-25
133,2,33,18,2026-02-04,2027-02-06
134,2,9,6,2025-12-13,2026-09-04
135,2,27,0,2025-11-28,2027-02-01
136,2,134,31,2025-11-20,2027-12-30
137,2,62,157,2026-01-03,2027-04-02
138,2,150,4,2026-01-03,2026-09-18
139,2,67,230,2025-12-21,2027-02-08
140,2,92,7,2025-12-02,2026-11-10
141,2,171,218,2026-01-09,2028-11-16
142,2,177,129,2025-12-07,2026-03-19
143,2,119,7,2025-12-29,2026-08-19
144,2,200,46,2026-02-04,2027-07-20
145,2,121,131,2026-02-01,2026-06-24
146,2,50,222,2025-12-27,2026-06-24
147,3,99,23,2025-12-23,2026-08-11
148,3,112,17,2025-12-11,2026-05-20
149,3,79,25,2025-12-02,2026-11-15
150,3,190,17,2025-11-20,2028-01-04
151,3,157,7,2025-12-28,2026-10-07
152,3,61,39,2025-11-26,2028-04-01
153,3,59,242,2026-01-09,2026-08-25
154,3,14,37,2025-11-16,2027-02-16
155,3,100,6,2026-01-31,2026-12-24
156,3,172,10,2025-11-27,2028-04-18
157,3,160,73,2026-02-08,2026-11-14
158,3,31,0,2026-02-03,2026-05-25
159,3,130,44,2025-12-17,2026-04-27
160,3,50,64,2026-01-23,2026-05-14
161,3,196,116,2025-12-13,2026-03-29
162,3,65,12,2026-02-01,2026-09-28
163,3,66,17,2025-11-27,2027-01-07
164,3,36,15,2025-12-26,2026-12-10
165,3,147,38,2025-12-20,2026-11-21
166,3,179,36,2026-02-06,2027-12-21
167,3,185,232,2025-12-28,2028-01-24
168,3,131,33,2025-11-16,2026-06-10
169,3,171,251,2025-12-16,2027-02-09
170,3,63,52,2025-12-23,2027-07-22
171,3,114,226,2026-01-19,2027-01-03
172,3,108,30,2025-12-19,2026-05-19
173,3,5,88,2025-11-13,2026-08-26
174,3,149,0,2025-11-26,2026-10-17
175,3,146,44,2025-12-01,2027-04-24
176,3,106,200,2026-01-30,2027-07-31
177,3,30,98,2025-12-27,2026-08-05
178,3,56,235,2025-11-15,2026-10-18
179,3,192,34,2025-12-21,2026-10-31
180,3,144,80,2025-11-28,2026-05-16
181,3,97,24,2026-02-02,2027-09-05
182,3,23,31,2026-01-03,2027-10-09
183,3,11,56,2025-12-29,2028-04-10
184,3,10,3,2026-01-01,2026-07-18
185,3,125,57,2026-01-22,2027-07-23
186,3,182,197,2025-12-13,2027-05-08
187,3,163,222,2026-02-04,2027-06-06
188,3,93,22,2025-12-11,2026-07-20
189,3,119,44,2025-11-28,2027-04-21
190,3,94,266,2025-12-05,2026-04-13
191,3,164,155,2026-01-15,2026-11-27
192,3,17,83,2025-12-18,2027-04-24
193,3,104,143,2026-01-16,2026-03-30
194,3,51,178,2025-11-27,2027-06-30
195,3,49,39,2026-01-26,2026-07-08
196,3,200,77,2025-11-30,2027-12-21
197,3,150,18,2025-11-23,2027-02-02
198,3,120,146,2025-12-08,2027-05-01
199,3,191,16,2026-02-03,2026-11-06
200,3,177,0,2026-01-14,2028-11-19
201,3,45,300,2025-12-26,2028-01-12
202,3,39,186,2025-12-10,2026-06-07
203,3,53,0,2025-11-25,2027-07-20
204,3,77,35,2025-12-30,2026-07-24
205,3,20,44,2026-01-08,2027-12-09
206,3,162,1,2025-12-08,2026-11-06
207,4,171,20,2026-02-04,2026-05-26
208,4,165,141,2026-01-24,2027-07-04
209,4,2,250,2026-02-07,2026-09-01
210,4,57,37,2026-01-06,2026-12-13
211,4,135,14,2025-12-03,2026-09-20
212,4,6,16,2025-11-11,2027-06-11
213,4,77,1,2025-12-22,2028-10-07
214,4,55,193,2026-01-12,2027-01-19
215,4,119,6,2026-01-09,2027-08-17
216,4,27,103,2025-11-23,2026-09-10
217,4,185,11,2026-01-09,2026-12-19
218,4,145,10,2025-11-21,2026-10-13
219,4,56,0,2026-01-15,2026-10-24
220,4,89,88,2026-01-24,2027-10-05
221,4,66,92,2026-01-29,2027-01-29
222,4,83,43,2025-12-24,2026-10-29
223,4,138,27,2025-11-15,2027-07-08
224,4,122,3,2025-11-22,2026-12-08
225,4,38,47,2025-11-17,2027-04-05
226,4,133,17,2026-01-08,2028-04-22
227,4,22,32,2026-01-25,2027-03-23
228,4,43,14,2025-12-04,2026-05-26
229,4,166,9,2026-01-11,2027-02-11
230,4,195,234,2025-12-25,2027-02-10
231,4,34,299,2025-12-05,2027-01-02
232,4,97,44,2026-01-22,2027-06-10
233,4,196,250,2025-12-30,2027-11-27
234,4,36,137,2025-12-06,2026-06-06
235,4,19,47,2025-11-22,2026-10-16
236,4,44,13,2025-12-30,2027-06-07
237,4,194,11,2025-11-28,2026-12-17
238,4,150,39,2026-01-13,2026-11-02
239,4,10,52,2026-01-26,2026-08-15
240,4,11,33,2025-12-31,2028-10-15
241,4,23,0,2026-01-15,2027-04-29
242,4,39,2,2025-12-06,2026-05-09
243,4,117,18,2025-11-15,2027-08-31
244,4,94,261,2025-12-31,2027-02-03
245,4,184,8,2026-01-22,2027-10-06
246,4,52,12,2025-11-22,2026-08-17
247,4,180,49,2026-01-18,2027-12-29
248,4,182,14,2026-01-22,2026-05-24
249,4,33,9,2026-02-08,2026-04-12
250,4,98,9,2026-02-06,2026-12-19
251,4,142,1,2025-12-13,2026-06-20
252,4,60,267,2025-11-30,2027-12-07
253,4,192,289,2025-12-02,2026-05-26
254,4,46,6,2026-01-10,2026-08-05
255,4,124,150,2025-12-09,2026-05-22
256,4,123,228,2025-11-30,2027-03-08
257,4,54,64,2026-01-18,2027-08-06
258,4,168,49,2026-01-11,2027-05-07
259,4,62,157,2026-02-07,2027-02-13
260,4,80,300,2026-01-18,2026-06-20
261,4,173,25,2026-02-03,2026-10-13
262,4,7,93,2025-11-18,2027-07-08
263,4,86,5,2026-01-10,2026-04-11
264,4,53,256,2026-01-26,2026-04-13
265,4,188,97,2025-11-18,2027-01-29
266,4,12,13,2026-01-25,2028-09-27
267,4,116,40,2025-11-22,2027-06-13
268,4,51,175,2026-01-28,2027-07-21
269,4,121,11,2025-12-10,2026-03-15
270,4,20,89,2026-01-29,2027-02-22
271,4,88,48,2026-01-04,2027-09-23
272,4,156,22,2026-01-01,2028-03-10
273,4,79,14,2025-11-26,2027-03-01
274,4,8,25,2026-01-15,2026-06-12
275,4,50,20,2025-11-28,2026-11-27
276,5,22,36,2025-12-19,2027-02-18
277,5,150,7,2026-01-14,2026-09-16
278,5,106,260,2026-01-16,2028-12-07
279,5,15,275,2025-12-17,2026-08-13
280,5,14,10,2026-01-14,2026-08-05
281,5,101,19,2025-11-20,2026-11-19
282,5,138,14,2025-11-16,2026-10-15
283,5,112,20,2025-11-24,2027-02-09
284,5,146,7,2025-11-23,2026-07-22
285,5,54,152,2025-12-11,2027-08-30
286,5,187,5,2025-11-15,2027-03-23
287,5,114,266,2025-11-23,2027-08-06
288,5,92,35,2025-12-30,2026-03-17
289,5,172,21,2025-12-12,2027-02-01
290,5,80,29,2026-01-07,2026-05-22
291,5,36,14,2025-11-25,2026-10-24
292,5,56,14,2025-12-28,2026-07-27
293,5,21,147,2025-11-21,2026-03-16
294,5,188,1,2025-11-26,2026-08-08
295,5,51,59,2026-01-03,2027-01-15
296,5,47,35,2026-01-15,2026-09-18
297,5,139,21,2025-12-25,2026-10-18
298,5,72,28,2025-11-15,2026-07-17
299,5,105,45,2025-12-17,2027-05-14
300,5,57,55,2025-11-13,2026-04-14
301,5,34,48,2025-11-29,2026-10-21
302,5,109,42,2025-12-31,2029-01-08
303,5,2,86,2025-12-25,2026-05-20
304,5,48,2,2025-11-19,2027-01-24
305,5,137,192,2025-11-20,2027-03-30
306,5,178,18,2025-11-23,2026-11-13
307,5,199,248,2026-01-10,2026-12-28
308,5,25,27,2026-01-08,2026-05-02
309,5,68,41,2025-12-03,2026-10-11
310,5,63,9,2026-02-04,2027-06-13
311,5,44,275,2026-01-19,2027-07-31
312,5,27,41,2026-01-29,2026-07-27
313,5,108,28,2026-01-18,2026-04-23
314,5,189,23,2026-01-18,2027-05-07
315,5,181,8,2025-12-17,2026-09-29
316,5,125,272,2026-02-05,2026-05-03
317,5,11,112,2025-12-09,2028-02-13
318,5,71,28,2025-12-25,2027-01-29
319,5,6,13,2025-12-26,2026-11-01
320,5,132,175,2026-01-02,2027-11-01
321,5,100,196,2025-11-23,2026-09-17
322,5,94,32,2025-12-13,2026-04-30
323,5,107,182,2026-01-17,2026-07-26
324,5,30,0,2025-12-07,2027-12-18
325,5,163,18,2025-12-28,2026-08-18
326,5,20,266,2026-01-26,2027-09-05
327,5,177,33,2025-12-24,2026-10-27
328,5,69,22,2026-01-05,2027-09-01
329,5,143,39,2026-01-16,2028-09-03
330,5,41,18,2025-12-26,2026-11-05
331,5,182,261,2025-12-11,2026-05-18
332,6,85,115,2025-12-29,2026-08-26
333,6,16,30,2025-12-09,2026-04-28
334,6,99,68,2025-12-12,2026-07-30
335,6,173,34,2026-01-05,2026-03-25
336,6,161,26,2026-01-04,2026-05-19
337,6,125,2,2026-01-31,2026-10-23
338,6,138,48,2025-12-02,2027-10-16
339,6,37,195,2026-01-12,2028-01-02
340,6,30,4,2026-02-04,2027-12-12
341,6,80,5,2025-12-20,2026-12-24
342,6,52,6,2026-01-15,2026-08-25
343,6,127,5,2026-01-06,2026-04-14
344,6,142,37,2026-01-16,2027-04-03
345,6,86,130,2025-11-24,2026-06-08
346,6,147,106,2025-12-19,2026-11-30
347,6,78,38,2025-12-22,2026-04-08
348,6,126,5,2025-12-02,2027-08-12
349,6,165,49,2026-01-14,2026-10-27
350,6,51,9,2025-12-09,2026-10-26
351,6,12,3,2025-12-11,2027-06-04
352,6,144,48,2025-11-15,2026-12-11
353,6,143,10,2026-01-02,2027-01-20
354,6,145,0,2025-11-28,2026-08-29
355,6,156,35,2026-01-17,2028-03-02
356,6,58,9,2026-01-03,2026-04-11
357,6,14,196,2025-12-14,2027-09-22
358,6,189,43,2026-01-02,2027-11-16
359,6,81,9,2026-01-31,2027-08-24
360,6,50,83,2026-01-21,2026-11-03
361,6,83,78,2026-01-12,2026-03-20
362,6,21,33,2026-01-13,2027-01-16
363,6,163,32,2026-01-17,2028-04-06
364,6,34,40,2026-01-03,2026-04-02
365,6,42,38,2025-12-25,2026-03-15
366,6,53,120,2025-12-26,2027-04-01
367,6,35,21,2025-11-28,2026-08-01
368,6,182,11,2025-12-07,2027-04-11
369,6,29,74,2026-01-21,2028-02-28
370,6,44,29,2025-12-19,2027-07-21
371,6,134,70,2025-12-15,2028-11-02
372,6,141,7,2025-12-07,2026-08-11
373,6,179,0,2026-01-26,2028-01-07
374,6,65,74,2025-12-09,2027-08-02
375,6,131,14,2025-12-22,2026-04-30
376,6,13,24,2026-01-03,2027-04-01
377,6,63,269,2025-12-03,2026-09-11
378,6,122,222,2025-11-13,2027-04-04
379,6,175,19,2025-12-24,2026-04-18
380,6,140,15,2025-11-23,2026-09-05
381,6,110,17,2026-02-01,2026-10-19
382,6,193,47,2025-11-21,2026-03-23
383,6,187,204,2025-11-25,2026-08-18
384,7,153,42,2026-01-16,2027-09-09
385,7,146,247,2025-12-18,2026-07-11
386,7,123,30,2026-01-30,2026-05-16
387,7,139,9,2025-11-23,2026-07-26
388,7,68,5,2026-02-05,2027-08-22
389,7,97,56,2025-11-12,2027-02-18
390,7,116,89,2026-02-01,2026-12-24
391,7,62,24,2025-12-31,2026-08-06
392,7,148,15,2025-12-19,2026-12-27
393,7,93,18,2025-11-29,2026-03-21
394,7,166,35,2025-12-21,2027-11-04
395,7,24,292,2025-11-30,2027-11-19
396,7,136,4,2026-01-27,2026-04-26
397,7,178,94,2026-01-11,2026-10-02
398,7,122,50,2025-12-24,2026-03-12
399,7,170,165,2025-12-18,2028-02-23
400,7,1,49,2025-12-13,2026-10-24
401,7,158,151,2026-01-25,2027-12-11
402,7,181,236,2026-01-22,2026-04-02
403,7,145,200,2026-02-07,2027-11-26
404,7,7,41,2025-11-16,2027-07-06
405,7,135,177,2026-01-02,2026-11-01
406,7,26,43,2026-01-10,2026-11-08
407,7,149,4,2026-01-19,2026-11-04
408,7,34,182,2025-11-21,2026-08-12
409,7,13,48,2026-01-01,2026-04-28
410,7,8,15,2026-02-02,2026-07-18
411,7,50,19,2026-01-28,2026-07-31
412,7,72,46,2026-01-02,2027-05-01
413,7,9,242,2025-12-18,2027-12-27
414,7,150,200,2025-12-11,2026-10-28
415,7,84,0,2026-02-06,2028-04-18
416,7,102,8,2025-11-21,2026-05-19
417,7,76,22,2025-12-12,2029-01-05
418,7,29,76,2026-02-08,2026-06-01
419,7,198,134,2026-01-09,2026-04-05
420,7,98,277,2025-12-31,2028-07-05
421,7,144,32,2025-12-31,2026-06-20
422,7,83,8,2025-12-26,2026-05-24
423,7,67,10,2026-02-04,2028-01-04
424,7,35,1,2025-12-01,2026-06-19
425,7,44,48,2026-01-29,2028-01-21
426,7,4,14,2025-11-14,2026-12-21
427,7,91,18,2026-01-12,2026-08-20
428,7,53,18,2026-01-03,2026-08-12
429,7,85,40,2026-01-14,2026-03-28
430,7,55,32,2026-01-13,2026-03-24
431,7,108,199,2026-01-30,2026-12-31
432,7,16,44,2025-11-28,2027-05-14
433,7,165,11,2025-11-20,2026-07-19
434,7,190,22,2025-11-22,2027-03-11
435,7,21,270,2026-01-02,2026-05-06
436,8,61,49,2025-12-27,2027-01-02
437,8,197,151,2025-12-07,2026-06-10
438,8,11,22,2026-01-27,2028-04-07
439,8,6,57,2026-02-03,2027-05-28
440,8,147,47,2025-12-17,2026-03-18
441,8,34,78,2025-12-10,2026-11-12
442,8,39,37,2025-11-22,2026-09-09
443,8,73,10,2026-01-27,2028-08-01
444,8,1,58,2025-11-21,2026-07-17
445,8,24,139,2025-12-29,2028-10-07
446,8,140,8,2026-01-29,2026-09-04
447,8,37,4,2025-12-24,2027-06-21
448,8,188,6,2025-11-27,2026-04-03
449,8,105,2,2025-12-24,2027-01-17
450,8,81,24,2025-12-17,2027-02-09
451,8,99,198,2025-11-21,2026-06-11
452,8,158,10,2025-11-20,2028-07-26
453,8,101,8,2026-01-10,2026-09-18
454,8,83,98,2026-01-02,2026-05-06
455,8,84,242,2025-11-29,2028-06-23
456,8,181,42,2026-01-24,2026-12-26
457,8,119,98,2025-12-31,2027-11-24
458,8,151,40,2026-01-14,2028-01-15
459,8,173,0,2026-02-07,2026-05-15
460,8,166,99,2026-01-05,2027-10-20
461,8,143,294,2026-01-08,2028-12-28
462,8,107,25,2026-01-04,2026-08-13
463,8,145,5,2026-01-24,2027-08-15
464,8,78,28,2026-01-20,2026-11-03
465,8,179,216,2025-12-27,2027-12-30
466,8,59,69,2025-12-24,2026-04-23
467,8,95,96,2025-12-04,2027-02-01
468,8,199,7,2025-12-27,2027-01-11
469,8,132,6,2026-02-07,2026-08-29
470,8,10,34,2026-01-16,2026-05-03
471,8,31,4,2025-12-04,2026-04-15
472,8,2,261,2026-02-06,2026-09-11
473,8,38,248,2026-01-20,2027-03-01
474,8,130,195,2026-01-22,2026-03-11
475,8,35,188,2025-12-11,2026-10-08
476,8,189,43,2025-11-27,2028-12-24
477,8,178,8,2025-11-30,2026-06-12
478,8,175,6,2026-01-26,2026-06-04
479,8,146,279,2026-01-11,2027-04-27
480,8,62,24,2025-12-19,2026-06-27
481,8,21,72,2025-12-17,2026-07-14
482,8,102,188,2026-02-02,2026-04-07
483,8,200,119,2025-12-04,2026-11-27
484,8,15,21,2025-12-18,2026-12-26
485,8,162,221,2026-01-26,2026-04-27
486,8,164,26,2025-11-13,2027-06-17
487,8,68,23,2026-02-06,2027-06-07
488,8,177,22,2025-12-06,2028-02-23
489,8,98,251,2025-12-15,2028-10-01
490,8,36,8,2025-11-23,2026-12-16
491,8,120,45,2026-01-31,2026-03-20
492,8,187,171,2025-12-24,2026-06-27
493,8,139,146,2026-01-04,2026-11-23
494,8,88,66,2026-01-29,2028-04-20
495,9,127,44,2025-11-18,2027-04-04
496,9,128,73,2026-01-14,2026-06-05
497,9,140,9,2026-01-09,2027-03-22
498,9,105,10,2026-02-01,2026-11-11
499,9,123,46,2025-12-19,2027-11-09
500,9,98,203,2026-01-06,2028-12-21
501,9,17,12,2026-01-11,2026-07-21
502,9,10,189,2025-12-10,2026-12-14
503,9,72,13,2025-12-13,2027-06-14
504,9,118,213,2026-01-01,2026-03-20
505,9,192,224,2025-12-25,2026-05-26
506,9,99,0,2025-11-24,2026-04-09
507,9,48,217,2025-12-28,2026-04-25
508,9,130,228,2026-02-06,2027-01-01
509,9,185,85,2026-02-05,2027-12-09
510,9,175,214,2025-12-05,2028-01-01
511,9,183,25,2025-12-14,2027-07-05
512,9,46,22,2025-11-16,2026-11-17
513,9,114,9,2025-11-19,2027-10-18
514,9,55,217,2025-12-16,2026-08-11
515,9,162,106,2025-12-17,2026-05-09
516,9,122,38,2026-01-15,2027-03-10
517,9,182,3,2026-01-20,2027-05-01
518,9,45,191,2025-12-19,2028-08-25
519,9,80,116,2025-12-23,2026-12-20
520,9,92,161,2026-02-03,2026-08-16
521,9,177,145,2025-11-27,2028-09-05
522,9,169,47,2026-02-06,2026-05-01
523,9,191,293,2025-12-10,2026-12-05
524,9,6,47,2026-01-20,2026-08-27
525,9,30,14,2025-12-08,2027-10-13
526,9,158,271,2025-11-22,2026-06-27
527,9,87,43,2025-12-17,2028-01-24
528,9,159,40,2025-12-12,2026-07-21
529,9,172,110,2026-01-22,2027-07-27
530,9,14,28,2026-01-21,2027-10-10
531,9,88,60,2026-01-27,2026-08-13
532,9,31,233,2026-01-25,2026-11-29
533,9,125,40,2025-11-27,2027-05-05
534,9,153,48,2026-01-02,2026-10-12
535,9,5,251,2026-01-09,2027-11-17
536,9,70,141,2025-12-27,2026-07-15
537,9,43,108,2026-01-18,2027-01-15
538,9,93,35,2025-12-15,2026-04-19
539,9,194,50,2026-01-25,2026-05-02
540,9,195,38,2025-12-08,2026-12-11
541,9,115,253,2025-12-30,2026-11-18
542,9,84,1,2025-11-17,2028-11-22
543,9,35,11,2025-11-15,2026-10-01
544,9,86,8,2026-02-08,2027-08-19
545,9,197,208,2025-11-21,2026-11-27
546,9,124,17,2025-11-20,2026-05-22
547,9,104,212,2026-02-01,2026-04-05
548,9,101,278,2026-01-16,2027-06-12
549,9,7,184,2026-02-06,2026-06-26
550,9,91,279,2025-12-15,2026-03-13
551,9,100,39,2026-01-15,2027-05-22
552,9,113,8,2025-11-22,2026-06-20
553,9,47,35,2025-12-21,2027-01-31
554,9,23,40,2026-01-24,2026-05-03
555,9,69,7,2025-11-19,2026-05-16
556,9,22,185,2026-01-02,2026-12-31
557,9,24,46,2026-01-10,2027-10-06
558,9,148,0,2025-12-04,2026-11-13
559,9,20,10,2025-12-30,2026-05-29
560,9,161,38,2026-01-01,2027-08-31
561,9,54,30,2025-12-28,2027-06-17
562,9,143,167,2025-12-26,2028-04-10
563,9,64,211,2026-01-31,2028-03-01
564,9,59,175,2025-11-25,2027-01-01
565,9,51,187,2025-12-04,2027-07-30
566,9,75,233,2025-12-07,2027-06-02
567,9,188,19,2025-12-24,2027-05-25
568,9,62,266,2026-01-16,2026-07-01
569,10,57,23,2026-01-30,2026-05-06
570,10,130,221,2025-12-29,2026-08-14
571,10,61,41,2026-01-31,2028-11-16
572,10,100,168,2025-12-08,2026-06-14
573,10,148,252,2025-12-13,2026-11-26
574,10,184,57,2026-01-03,2027-05-27
575,10,199,289,2025-11-11,2026-12-09
576,10,180,76,2025-11-29,2027-11-10
577,10,115,270,2025-12-19,2026-07-10
578,10,113,119,2025-11-28,2026-09-17
579,10,15,11,2025-11-15,2027-01-11
580,10,84,0,2025-11-20,2027-07-31
581,10,175,46,2025-11-24,2028-06-09
582,10,190,173,2025-12-26,2028-03-06
583,10,63,199,2026-01-08,2027-07-17
584,10,151,147,2026-01-19,2027-03-12
585,10,155,38,2026-01-08,2026-10-23
586,10,150,7,2025-12-20,2026-06-01
587,10,18,0,2026-01-19,2026-04-01
588,10,169,22,2026-01-13,2027-08-17
589,10,143,0,2025-11-21,2028-10-18
590,10,71,243,2025-12-11,2026-08-14
591,10,3,30,2025-11-23,2026-10-05
592,10,14,43,2026-02-01,2027-06-11
593,10,136,124,2025-11-30,2026-12-27
594,10,50,270,2026-01-07,2026-06-10
595,10,125,0,2026-01-25,2026-07-25
596,10,20,8,2025-12-27,2026-06-28
597,10,26,294,2025-12-08,2026-04-30
598,10,198,32,2025-12-13,2026-03-28
599,10,182,10,2025-11-22,2026-07-27
600,10,183,67,2026-01-23,2026-07-21
601,10,88,281,2025-11-25,2027-01-23
602,10,107,190,2025-11-22,2026-12-28
603,10,119,11,2026-01-10,2027-01-10
604,10,90,233,2025-11-26,2026-05-26
605,10,5,209,2026-02-07,2027-10-19
606,10,173,173,2025-11-15,2026-03-26
607,10,47,283,2026-01-12,2026-09-22
608,10,11,181,2026-01-17,2027-10-16
609,10,39,26,2026-02-03,2026-09-11
610,10,29,123,2026-01-19,2027-08-16
611,10,122,0,2025-12-10,2026-08-29
612,10,117,248,2026-01-21,2027-10-13
613,10,153,1,2025-11-22,2027-01-21
614,10,55,31,2026-01-21,2026-11-27
615,10,37,73,2026-02-04,2026-04-11
616,10,16,1,2025-12-18,2026-08-13
617,10,139,40,2025-11-19,2026-10-17
618,10,31,50,2026-01-22,2026-11-22
619,10,127,66,2025-12-12,2026-12-20
620,10,120,60,2026-01-25,2027-03-18
621,10,170,50,2025-12-04,2027-01-02
622,10,141,254,2025-11-20,2026-08-04
623,10,34,31,2025-12-07,2026-09-12
624,10,9,15,2026-01-08,2026-04-09
625,10,164,128,2025-12-23,2029-01-19
626,10,149,37,2026-02-08,2026-09-06
627,10,161,36,2026-01-22,2026-07-19
