order_id,branch_id,supplier_id,medication_id,order_date,quantity,unit_cost,total_cost,delivery_date
1,10,5,133,2023-08-02,437,262.45,114690.65,2023-08-15
2,9,1,1,2023-05-19,294,110.9,32604.6,2023-05-25
3,5,4,10,2024-10-06,156,152.27,23754.12,2024-10-13
4,10,6,15,2023-11-10,60,205.68,12340.8,2023-11-13
5,3,1,119,2024-11-28,121,226.39,27393.19,2024-12-11
6,2,5,165,2023-10-24,423,76.9,32528.7,2023-11-02
7,9,6,185,2023-02-24,108,80.32,8674.56,2023-03-09
8,3,7,75,2024-12-28,344,204.81,70454.64,2025-01-05
9,2,5,105,2024-07-25,304,63.81,19398.24,2024-08-04
10,8,3,171,2023-04-06,114,257.52,29357.28,2023-04-14
11,2,5,58,2023-03-13,90,27.2,2448.0,2023-03-25
12,4,4,149,2024-02-03,282,221.69,62516.58,2024-02-13
13,4,9,54,2024-01-19,239,192.1,45911.9,2024-01-28
14,3,10,139,2023-04-02,434,178.61,77516.74,2023-04-08
15,1,8,79,2024-06-23,371,200.84,74511.64,2024-07-07
16,9,10,10,2023-09-22,454,152.27,69130.58,2023-10-04
17,1,9,86,2023-04-21,100,241.42,24142.0,2023-04-26
18,3,10,179,2024-04-26,467,31.66,14785.22,2024-05-10
19,10,8,127,2024-01-17,230,212.34,48838.2,2024-01-21
20,2,7,65,2023-10-01,421,245.89,103519.69,2023-10-13
21,7,7,38,2024-09-15,296,287.41,85073.36,2024-09-23
22,8,4,195,2023-11-28,141,43.99,6202.59,2023-12-11
23,10,6,169,2024-08-24,165,136.73,22560.45,2024-08-30
24,1,6,156,2023-11-28,247,30.98,7652.06,2023-12-03
25,2,3,189,2024-10-23,413,92.28,38111.64,2024-10-29
26,6,2,145,2023-08-17,345,38.86,13406.7,2023-08-28
27,10,7,30,2024-04-18,222,243.21,53992.62,2024-04-27
28,1,2,153,2023-11-07,418,245.2,102493.6,2023-11-12
29,3,6,9,2024-10-17,79,123.34,9743.86,2024-10-31
30,4,3,162,2023-09-12,106,9.03,957.18,2023-09-21
31,5,9,200,2024-12-13,218,113.73,24793.14,2024-12-19
32,1,2,182,2024-01-20,135,126.56,17085.6,2024-02-01
33,1,4,155,2024-06-16,439,209.63,92027.57,2024-06-19
34,4,2,169,2024-04-13,240,136.73,32815.2,2024-04-16
35,10,7,9,2024-04-01,335,123.34,41318.9,2024-04-09
36,6,6,127,2024-09-16,274,212.34,58181.16,2024-09-19
37,7,8,54,2024-04-05,251,192.1,48217.1,2024-04-19
38,5,4,15,2023-05-28,165,205.68,33937.2,2023-06-02
39,5,1,101,2024-01-17,52,81.75,4251.0,2024-01-22
40,4,9,130,2024-07-23,479,250.63,120051.77,2024-08-03
41,4,6,147,2023-02-20,363,41.68,15129.84,2023-03-05
42,3,3,142,2024-01-11,88,5.79,509.52,2024-01-25
43,6,8,28,2023-10-07,333,258.59,86110.47,2023-10-16
44,3,3,196,2024-03-24,375,80.81,30303.75,2024-04-02
45,3,10,87,2023-07-27,148,267.97,39659.56,2023-08-04
46,8,5,89,2023-01-31,442,81.46,36005.32,2023-02-06
47,3,7,101,2024-02-01,415,81.75,33926.25,2024-02-13
48,10,4,36,2024-05-01,358,148.26,53077.08,2024-05-06
49,2,2,126,2023-01-23,313,168.27,52668.51,2023-02-05
50,7,2,4,2024-02-13,136,18.52,2518.72,2024-02-27
51,3,4,29,2024-08-23,471,68.2,32122.2,2024-09-01
52,10,10,98,2024-09-25,190,202.32,38440.8,2024-10-06
53,5,2,192,2023-10-31,469,188.16,88247.04,2023-11-13
54,3,7,35,2023-11-01,197,299.79,59058.63,2023-11-07
55,7,6,50,2024-02-20,195,295.24,57571.8,2024-03-02
56,8,4,47,2024-07-04,124,140.19,17383.56,2024-07-17
57,10,10,141,2023-04-15,87,199.83,17385.21,2023-04-27
58,4,10,78,2024-07-24,445,155.8,69331.0,2024-08-03
59,1,3,108,2024-12-15,408,246.69,100649.52,2024-12-23
60,3,4,27,2024-08-10,288,7.12,2050.56,2024-08-20
61,1,7,5,2024-10-12,308,260.61,80267.88,2024-10-19
62,4,9,195,2024-03-22,268,43.99,11789.32,2024-03-25
63,9,5,57,2024-02-25,488,135.34,66045.92,2024-03-01
64,4,10,81,2024-02-07,431,295.26,127257.06,2024-02-16
65,10,5,134,2023-06-03,206,105.51,21735.06,2023-06-08
66,8,5,101,2024-05-26,372,81.75,30411.0,2024-05-31
67,7,4,128,2023-01-05,278,217.78,60542.84,2023-01-08
68,2,9,82,2023-12-25,430,266.41,114556.3,2023-12-31
69,10,6,131,2024-03-27,82,9.17,751.94,2024-04-01
70,9,9,179,2023-06-01,293,31.66,9276.38,2023-06-09
71,2,2,32,2024-10-02,207,219.82,45502.74,2024-10-11
72,4,5,165,2023-08-04,365,76.9,28068.5,2023-08-09
73,2,10,13,2024-10-12,300,259.03,77709.0,2024-10-15
74,2,1,188,2024-01-27,155,256.73,39793.15,2024-02-07
75,1,5,67,2023-01-09,282,108.59,30622.38,2023-01-19
76,6,9,101,2023-01-08,366,81.75,29920.5,2023-01-17
77,6,7,188,2024-06-06,425,256.73,109110.25,2024-06-09
78,7,7,43,2024-02-24,377,77.63,29266.51,2024-03-03
79,3,8,87,2023-03-31,91,267.97,24385.27,2023-04-05
80,7,10,92,2023-01-17,116,73.22,8493.52,2023-01-21
81,9,1,123,2024-06-09,479,124.9,59827.1,2024-06-15
82,3,4,114,2023-06-20,386,128.92,49763.12,2023-07-01
83,9,7,109,2023-07-18,210,174.86,36720.6,2023-07-27
84,7,10,1,2023-08-04,497,110.9,55117.3,2023-08-10
85,3,2,13,2024-07-06,332,259.03,85997.96,2024-07-15
86,6,2,200,2023-06-25,255,113.73,29001.15,2023-07-02
87,9,2,43,2023-02-18,294,77.63,22823.22,2023-03-02
88,1,5,32,2023-06-01,251,219.82,55174.82,2023-06-12
89,4,9,89,2024-10-15,171,81.46,13929.66,2024-10-19
90,10,10,58,2024-10-31,287,27.2,7806.4,2024-11-08
91,6,6,7,2024-05-10,317,77.22,24478.74,2024-05-14
92,8,6,38,2023-09-27,276,287.41,79325.16,2023-10-05
93,5,4,150,2023-12-18,248,288.76,71612.48,2023-12-27
94,2,5,86,2024-09-25,451,241.42,108880.42,2024-09-30
95,8,10,94,2023-10-21,281,250.7,70446.7,2023-11-02
96,1,2,58,2024-10-08,290,27.2,7888.0,2024-10-17
97,8,2,93,2023-10-10,81,125.24,10144.44,2023-10-17
98,8,2,170,2023-08-19,387,280.19,108433.53,2023-08-29
99,8,7,122,2023-07-17,395,7.99,3156.05,2023-07-21
100,5,4,2,2023-09-17,182,163.19,29700.58,2023-09-20
101,4,6,117,2023-01-17,221,133.49,29501.29,2023-01-24
102,8,1,23,2024-09-21,115,145.21,16699.15,2024-09-24
103,4,1,12,2023-05-16,211,111.79,23587.69,2023-05-22
104,3,1,69,2024-07-15,328,180.99,59364.72,2024-07-27
105,8,8,101,2024-12-19,279,81.75,22808.25,2024-12-24
106,2,8,64,2023-03-14,67,237.28,15897.76,2023-03-21
107,1,8,173,2024-11-20,149,42.24,6293.76,2024-12-04
108,10,3,168,2023-01-21,261,219.19,57208.59,2023-01-29
109,4,6,135,2024-05-01,213,247.52,52721.76,2024-05-06
110,9,10,29,2023-05-22,479,68.2,32667.8,2023-06-01
111,6,5,174,2024-01-06,455,34.41,15656.55,2024-01-12
112,7,4,137,2023-03-01,372,39.94,14857.68,2023-03-04
113,7,3,199,2023-08-18,139,238.25,33116.75,2023-08-29
114,7,7,94,2023-02-18,169,250.7,42368.3,2023-02-28
115,5,1,102,2024-11-02,268,229.56,61522.08,2024-11-13
116,8,6,99,2024-07-10,90,294.31,26487.9,2024-07-16
117,7,7,165,2024-12-03,169,76.9,12996.1,2024-12-08
118,10,9,196,2024-09-06,374,80.81,30222.94,2024-09-16
119,1,8,132,2024-02-22,74,168.24,12449.76,2024-03-05
120,7,9,7,2023-02-15,170,77.22,13127.4,2023-02-18
121,1,7,116,2023-01-31,52,221.47,11516.44,2023-02-12
122,2,4,75,2023-04-14,352,204.81,72093.12,2023-04-18
123,1,10,152,2024-07-28,474,197.2,93472.8,2024-08-11
124,1,9,19,2024-12-07,425,229.94,97724.5,2024-12-20
125,7,3,53,2023-12-17,269,88.12,23704.28,2023-12-31
126,5,6,54,2023-03-02,148,192.1,28430.8,2023-03-13
127,8,5,60,2024-08-11,390,95.94,37416.6,2024-08-15
128,3,5,159,2024-12-16,411,135.4,55649.4,2024-12-26
129,4,9,91,2023-11-23,448,104.08,46627.84,2023-12-02
130,7,8,93,2024-08-13,141,125.24,17658.84,2024-08-19
131,2,7,92,2024-11-17,186,73.22,13618.92,2024-11-29
132,10,8,95,2023-08-26,75,264.79,19859.25,2023-09-08
133,7,9,41,2023-03-01,205,288.43,59128.15,2023-03-11
134,7,5,82,2024-06-04,350,266.41,93243.5,2024-06-16
135,10,5,14,2024-04-05,455,118.51,53922.05,2024-04-17
136,4,9,52,2024-10-20,475,39.05,18548.75,2024-11-01
137,9,5,121,2024-03-27,412,240.36,99028.32,2024-04-02
138,9,10,60,2024-10-02,264,95.94,25328.16,2024-10-07
139,1,8,35,2023-05-21,64,299.79,19186.56,2023-05-31
140,7,4,135,2024-05-31,210,247.52,51979.2,2024-06-14
141,7,5,142,2024-05-19,167,5.79,966.93,2024-05-22
142,10,6,114,2024-08-16,193,128.92,24881.56,2024-08-28
143,7,5,2,2023-12-22,79,163.19,12892.01,2023-12-31
144,8,7,95,2023-05-26,300,264.79,79437.0,2023-06-02
145,7,5,89,2024-10-23,444,81.46,36168.24,2024-11-05
146,6,1,89,2023-12-21,376,81.46,30628.96,2023-12-24
147,10,3,169,2023-05-11,387,136.73,52914.51,2023-05-17
148,8,2,89,2023-08-09,374,81.46,30466.04,2023-08-21
149,7,10,112,2024-09-27,451,295.23,133148.73,2024-09-30
150,3,7,94,2023-05-08,329,250.7,82480.3,2023-05-21
151,9,3,171,2024-05-11,199,257.52,51246.48,2024-05-19
152,1,2,52,2024-05-29,96,39.05,3748.8,2024-06-06
153,9,8,61,2023-11-26,446,78.61,35060.06,2023-12-09
154,6,10,18,2024-03-28,371,261.8,97127.8,2024-04-10
155,5,8,119,2023-11-15,83,226.39,18790.37,2023-11-21
156,1,8,135,2024-03-29,66,247.52,16336.32,2024-04-01
157,2,9,200,2023-06-03,362,113.73,41170.26,2023-06-12
158,2,8,172,2024-11-27,436,274.46,119664.56,2024-12-07
159,8,8,162,2024-06-08,61,9.03,550.83,2024-06-21
160,3,7,34,2024-01-19,191,262.97,50227.27,2024-01-22
161,9,2,200,2023-08-03,305,113.73,34687.65,2023-08-14
162,6,1,129,2023-06-22,400,68.83,27532.0,2023-07-06
163,7,8,134,2023-12-07,145,105.51,15298.95,2023-12-18
164,10,10,102,2023-03-10,229,229.56,52569.24,2023-03-15
165,2,4,194,2024-06-30,291,31.59,9192.69,2024-07-12
166,2,7,196,2024-02-23,485,80.81,39192.85,2024-02-27
167,5,2,66,2023-04-13,233,199.71,46532.43,2023-04-16
168,1,3,83,2024-05-06,144,76.98,11085.12,2024-05-15
169,8,4,31,2023-11-10,193,126.28,24372.04,2023-11-17
170,4,8,30,2024-07-17,365,243.21,88771.65,2024-07-27
171,5,9,76,2024-07-25,66,250.95,16562.7,2024-07-28
172,5,2,36,2024-08-02,383,148.26,56783.58,2024-08-09
173,2,2,22,2024-02-07,66,245.73,16218.18,2024-02-14
174,7,4,91,2023-01-08,354,104.08,36844.32,2023-01-11
175,1,10,172,2024-04-24,226,274.46,62027.96,2024-05-05
176,10,6,96,2024-05-14,424,93.09,39470.16,2024-05-28
177,6,1,73,2023-02-09,184,217.33,39988.72,2023-02-22
178,8,10,194,2023-11-03,267,31.59,8434.53,2023-11-14
179,6,7,121,2024-02-24,121,240.36,29083.56,2024-03-04
180,4,7,30,2023-12-14,269,243.21,65423.49,2023-12-20
181,6,7,69,2023-05-08,67,180.99,12126.33,2023-05-14
182,7,5,182,2024-12-19,238,126.56,30121.28,2024-12-25
183,2,8,110,2024-10-05,92,63.51,5842.92,2024-10-11
184,2,5,200,2024-07-06,311,113.73,35370.03,2024-07-12
185,6,9,91,2024-09-16,272,104.08,28309.76,2024-09-25
186,3,10,69,2023-03-25,388,180.99,70224.12,2023-04-08
187,6,2,28,2024-12-23,135,258.59,34909.65,2024-12-26
188,3,10,110,2024-07-10,338,63.51,21466.38,2024-07-22
189,5,4,165,2023-02-26,333,76.9,25607.7,2023-03-07
190,8,2,27,2024-09-19,358,7.12,2548.96,2024-09-25
191,9,10,171,2023-02-08,252,257.52,64895.04,2023-02-15
192,5,7,101,2024-02-11,341,81.75,27876.75,2024-02-22
193,6,7,112,2024-09-17,115,295.23,33951.45,2024-09-29
194,10,6,83,2024-06-18,109,76.98,8390.82,2024-06-30
195,6,7,99,2024-12-24,486,294.31,143034.66,2024-12-28
196,10,6,69,2023-12-17,261,180.99,47238.39,2023-12-29
197,10,9,16,2023-04-07,306,105.35,32237.1,2023-04-21
198,7,6,23,2024-06-22,388,145.21,56341.48,2024-06-27
199,4,1,28,2024-12-02,235,258.59,60768.65,2024-12-15
200,3,10,41,2024-08-19,250,288.43,72107.5,2024-08-31
201,1,7,5,2024-07-02,167,260.61,43521.87,2024-07-11
202,10,9,188,2024-12-10,64,256.73,16430.72,2024-12-22
203,5,3,33,2024-09-29,301,163.2,49123.2,2024-10-02
204,6,10,5,2024-05-09,428,260.61,111541.08,2024-05-15
205,2,5,154,2024-09-24,350,103.33,36165.5,2024-09-30
206,8,9,148,2023-09-16,309,164.29,50765.61,2023-09-22
207,9,6,63,2023-04-28,137,57.91,7933.67,2023-05-09
208,6,8,60,2024-10-22,241,95.94,23121.54,2024-10-29
209,10,3,110,2024-08-28,405,63.51,25721.55,2024-09-06
210,10,10,81,2024-11-28,402,295.26,118694.52,2024-12-08
211,1,6,62,2023-12-21,206,50.59,10421.54,2023-12-24
212,10,1,106,2023-10-10,165,144.7,23875.5,2023-10-19
213,4,2,16,2023-09-25,181,105.35,19068.35,2023-10-07
214,10,7,18,2023-09-10,468,261.8,122522.4,2023-09-23
215,8,2,77,2023-07-27,73,183.97,13429.81,2023-08-06
216,2,9,182,2023-09-13,80,126.56,10124.8,2023-09-22
217,8,10,136,2023-06-01,240,49.01,11762.4,2023-06-14
218,8,2,150,2024-10-04,487,288.76,140626.12,2024-10-15
219,3,4,77,2023-03-29,453,183.97,83338.41,2023-04-07
220,4,1,119,2023-09-18,109,226.39,24676.51,2023-09-29
221,6,4,139,2024-04-29,454,178.61,81088.94,2024-05-13
222,8,1,128,2023-10-23,131,217.78,28529.18,2023-11-02
223,4,4,75,2023-08-21,258,204.81,52840.98,2023-09-04
224,10,4,61,2023-03-09,357,78.61,28063.77,2023-03-16
225,7,7,114,2024-09-08,495,128.92,63815.4,2024-09-12
226,8,6,50,2024-08-01,427,295.24,126067.48,2024-08-06
227,6,3,22,2024-02-02,216,245.73,53077.68,2024-02-11
228,5,4,6,2024-11-04,228,109.8,25034.4,2024-11-10
229,5,3,140,2023-09-18,58,288.23,16717.34,2023-09-28
230,6,5,131,2023-06-21,54,9.17,495.18,2023-06-29
231,3,1,150,2023-02-19,270,288.76,77965.2,2023-02-25
232,2,1,47,2023-08-24,342,140.19,47944.98,2023-09-01
233,5,8,51,2024-10-29,482,246.05,118596.1,2024-11-04
234,10,7,180,2023-10-11,168,209.73,35234.64,2023-10-19
235,9,3,13,2023-02-18,127,259.03,32896.81,2023-02-22
236,4,10,9,2023-12-08,347,123.34,42798.98,2023-12-17
237,10,1,49,2024-10-18,247,114.01,28160.47,2024-10-27
238,3,6,196,2024-11-17,454,80.81,36687.74,2024-11-25
239,8,9,56,2024-05-29,344,103.4,35569.6,2024-06-08
240,3,8,190,2023-10-29,483,7.39,3569.37,2023-11-06
241,1,5,7,2023-09-19,182,77.22,14054.04,2023-09-24
242,7,5,21,2023-03-13,202,76.06,15364.12,2023-03-26
243,9,1,196,2024-02-12,295,80.81,23838.95,2024-02-20
244,8,2,7,2023-08-16,403,77.22,31119.66,2023-08-25
245,9,6,23,2024-09-29,109,145.21,15827.89,2024-10-11
246,8,4,170,2023-03-27,177,280.19,49593.63,2023-03-30
247,8,1,10,2023-10-19,275,152.27,41874.25,2023-11-02
248,6,2,166,2023-04-17,108,154.93,16732.44,2023-04-25
249,10,2,45,2023-04-30,301,202.57,60973.57,2023-05-08
250,9,9,100,2023-07-23,301,194.61,58577.61,2023-07-31
251,5,1,23,2023-01-22,481,145.21,69846.01,2023-01-27
252,2,7,94,2024-10-02,286,250.7,71700.2,2024-10-16
253,1,3,113,2023-10-06,386,114.32,44127.52,2023-10-13
254,2,10,118,2024-08-28,315,77.42,24387.3,2024-09-09
255,8,10,42,2023-02-20,198,25.05,4959.9,2023-03-06
256,2,2,75,2023-11-07,308,204.81,63081.48,2023-11-13
257,10,10,99,2023-09-11,467,294.31,137442.77,2023-09-24
258,5,8,198,2023-03-22,103,258.74,26650.22,2023-03-28
259,8,1,113,2023-07-06,291,114.32,33267.12,2023-07-17
260,8,8,72,2023-11-17,97,25.64,2487.08,2023-11-30
261,9,8,69,2023-03-08,254,180.99,45971.46,2023-03-22
262,10,2,140,2023-09-03,105,288.23,30264.15,2023-09-13
263,8,3,158,2024-07-27,84,20.99,1763.16,2024-08-03
264,2,5,158,2024-01-22,126,20.99,2644.74,2024-01-31
265,4,1,53,2023-08-22,73,88.12,6432.76,2023-08-29
266,3,6,72,2023-01-07,279,25.64,7153.56,2023-01-13
267,3,10,62,2023-05-20,208,50.59,10522.72,2023-05-23
268,1,7,48,2024-05-10,243,67.88,16494.84,2024-05-22
269,10,9,149,2023-04-26,249,221.69,55200.81,2023-04-30
270,7,1,131,2024-06-27,66,9.17,605.22,2024-07-09
271,10,4,103,2024-01-17,235,29.16,6852.6,2024-01-27
272,4,10,175,2024-06-16,419,261.93,109748.67,2024-06-22
273,1,6,110,2023-07-17,365,63.51,23181.15,2023-07-24
274,2,2,71,2023-09-05,314,133.64,41962.96,2023-09-08
275,1,3,104,2024-07-05,277,71.15,19708.55,2024-07-08
276,7,6,64,2023-04-08,411,237.28,97522.08,2023-04-13
277,10,7,169,2024-05-06,469,136.73,64126.37,2024-05-16
278,1,5,41,2024-12-10,206,288.43,59416.58,2024-12-16
279,10,8,199,2023-10-23,456,238.25,108642.0,2023-10-31
280,7,2,52,2023-06-20,264,39.05,10309.2,2023-06-25
281,3,7,166,2024-03-08,101,154.93,15647.93,2024-03-21
282,10,9,49,2023-02-19,454,114.01,51760.54,2023-02-24
283,8,8,115,2024-03-21,108,268.01,28945.08,2024-04-02
284,5,6,86,2023-04-29,366,241.42,88359.72,2023-05-13
285,5,1,140,2024-10-06,122,288.23,35164.06,2024-10-13
286,5,8,31,2023-07-05,325,126.28,41041.0,2023-07-18
287,6,5,162,2024-11-14,77,9.03,695.31,2024-11-21
288,6,1,29,2023-06-02,466,68.2,31781.2,2023-06-07
289,4,2,83,2024-07-30,116,76.98,8929.68,2024-08-08
290,9,2,123,2024-02-01,63,124.9,7868.7,2024-02-10
291,4,5,98,2024-07-21,278,202.32,56244.96,2024-07-26
292,10,6,88,2024-09-05,399,272.52,108735.48,2024-09-15
293,8,10,101,2023-05-08,417,81.75,34089.75,2023-05-11
294,7,5,189,2024-07-04,325,92.28,29991.0,2024-07-17
295,3,2,149,2023-10-10,356,221.69,78921.64,2023-10-19
296,2,6,84,2024-10-19,372,130.42,48516.24,2024-10-28
297,2,9,83,2023-11-25,226,76.98,17397.48,2023-11-28
298,9,2,147,2023-10-10,169,41.68,7043.92,2023-10-16
299,2,1,77,2024-08-28,430,183.97,79107.1,2024-09-01
300,5,5,64,2023-08-19,97,237.28,23016.16,2023-08-22
301,9,2,24,2024-11-16,207,227.8,47154.6,2024-11-19
302,1,10,57,2024-12-09,317,135.34,42902.78,2024-12-22
303,7,1,106,2023-12-21,281,144.7,40660.7,2024-01-01
304,3,4,164,2023-12-19,87,91.1,7925.7,2023-12-25
305,3,2,41,2023-06-21,99,288.43,28554.57,2023-07-05
306,4,10,116,2024-08-05,217,221.47,48058.99,2024-08-13
307,8,2,104,2024-01-05,387,71.15,27535.05,2024-01-16
308,8,7,163,2024-09-11,67,284.38,19053.46,2024-09-15
309,8,4,47,2023-02-05,222,140.19,31122.18,2023-02-15
310,10,3,66,2023-09-09,145,199.71,28957.95,2023-09-12
311,6,7,83,2024-02-21,108,76.98,8313.84,2024-03-05
312,5,8,169,2023-08-02,331,136.73,45257.63,2023-08-10
313,8,7,188,2023-04-02,253,256.73,64952.69,2023-04-13
314,6,4,49,2023-03-31,345,114.01,39333.45,2023-04-12
315,2,9,88,2024-09-25,342,272.52,93201.84,2024-10-05
316,5,4,17,2024-08-10,130,263.38,34239.4,2024-08-14
317,7,1,77,2023-02-28,473,183.97,87017.81,2023-03-13
318,6,9,194,2024-08-26,274,31.59,8655.66,2024-09-09
319,2,6,98,2023-02-08,184,202.32,37226.88,2023-02-22
320,7,5,115,2023-08-19,360,268.01,96483.6,2023-08-26
321,9,8,81,2023-05-15,65,295.26,19191.9,2023-05-27
322,2,7,97,2023-03-15,74,69.73,5160.02,2023-03-29
323,3,2,171,2024-07-15,232,257.52,59744.64,2024-07-25
324,2,3,60,2024-04-16,143,95.94,13719.42,2024-04-24
325,1,6,121,2024-08-09,280,240.36,67300.8,2024-08-17
326,4,7,181,2023-07-02,226,91.54,20688.04,2023-07-11
327,5,7,95,2024-01-03,446,264.79,118096.34,2024-01-10
328,2,8,128,2023-01-08,187,217.78,40724.86,2023-01-11
329,7,5,161,2024-03-30,205,184.62,37847.1,2024-04-10
330,5,9,91,2024-02-03,268,104.08,27893.44,2024-02-17
331,1,7,109,2024-11-03,145,174.86,25354.7,2024-11-12
332,5,7,50,2024-10-18,408,295.24,120457.92,2024-10-22
333,4,10,155,2024-05-13,325,209.63,68129.75,2024-05-20
334,10,9,37,2023-02-06,216,5.64,1218.24,2023-02-10
335,1,9,80,2023-06-29,397,71.27,28294.19,2023-07-12
336,1,9,28,2023-05-28,118,258.59,30513.62,2023-05-31
337,9,6,52,2024-03-23,56,39.05,2186.8,2024-04-01
338,10,3,12,2023-10-03,299,111.79,33425.21,2023-10-09
339,9,6,178,2024-06-14,488,15.59,7607.92,2024-06-25
340,5,9,136,2023-02-02,452,49.01,22152.52,2023-02-08
341,1,7,89,2024-10-31,235,81.46,19143.1,2024-11-09
342,5,3,160,2023-11-29,123,134.24,16511.52,2023-12-10
343,2,6,184,2024-04-07,165,274.28,45256.2,2024-04-13
344,6,9,194,2023-07-29,335,31.59,10582.65,2023-08-02
345,2,9,133,2023-09-23,89,262.45,23358.05,2023-10-06
346,8,5,65,2024-01-01,316,245.89,77701.24,2024-01-04
347,1,10,84,2024-06-16,122,130.42,15911.24,2024-06-27
348,10,5,76,2024-12-03,353,250.95,88585.35,2024-12-11
349,8,6,178,2023-09-29,457,15.59,7124.63,2023-10-04
350,10,5,120,2023-07-04,357,150.82,53842.74,2023-07-17
351,10,10,158,2023-03-18,465,20.99,9760.35,2023-03-23
352,4,9,103,2023-04-27,294,29.16,8573.04,2023-05-06
353,7,2,143,2023-10-05,371,14.63,5427.73,2023-10-10
354,1,7,52,2023-08-11,416,39.05,16244.8,2023-08-14
355,4,4,117,2023-12-21,186,133.49,24829.14,2023-12-31
356,8,5,147,2024-11-29,67,41.68,2792.56,2024-12-03
357,7,4,160,2023-06-30,157,134.24,21075.68,2023-07-14
358,4,3,30,2024-08-17,326,243.21,79286.46,2024-08-30
359,1,10,109,2023-06-30,258,174.86,45113.88,2023-07-03
360,9,5,124,2024-03-06,180,214.99,38698.2,2024-03-16
361,5,10,101,2024-08-05,102,81.75,8338.5,2024-08-17
362,8,6,66,2023-05-08,392,199.71,78286.32,2023-05-18
363,4,5,17,2024-07-14,460,263.38,121154.8,2024-07-17
364,1,6,158,2023-07-23,145,20.99,3043.55,2023-07-30
365,3,1,47,2024-06-22,139,140.19,19486.41,2024-06-26
366,1,8,54,2024-12-12,279,192.1,53595.9,2024-12-15
367,4,3,57,2024-05-15,392,135.34,53053.28,2024-05-28
368,8,3,57,2023-03-11,114,135.34,15428.76,2023-03-25
369,1,7,112,2023-12-26,412,295.23,121634.76,2024-01-08
370,7,6,67,2023-05-28,468,108.59,50820.12,2023-06-03
371,1,3,28,2024-08-14,492,258.59,127226.28,2024-08-21
372,10,6,11,2023-05-26,252,77.76,19595.52,2023-06-03
373,6,7,133,2024-12-29,133,262.45,34905.85,2025-01-03
374,3,3,96,2024-06-19,220,93.09,20479.8,2024-06-30
375,7,10,191,2023-06-09,228,233.84,53315.52,2023-06-22
376,3,6,106,2023-05-28,361,144.7,52236.7,2023-06-10
377,5,6,72,2024-08-19,85,25.64,2179.4,2024-08-30
378,9,6,99,2023-06-30,69,294.31,20307.39,2023-07-12
379,10,3,155,2023-12-29,185,209.63,38781.55,2024-01-08
380,5,5,132,2024-11-25,366,168.24,61575.84,2024-12-04
381,5,6,5,2023-09-02,247,260.61,64370.67,2023-09-08
382,5,5,17,2023-06-14,201,263.38,52939.38,2023-06-28
383,6,4,65,2023-02-06,104,245.89,25572.56,2023-02-12
384,8,10,150,2023-11-09,339,288.76,97889.64,2023-11-14
385,6,1,169,2023-08-26,224,136.73,30627.52,2023-08-30
386,9,2,195,2023-10-26,268,43.99,11789.32,2023-11-01
387,6,4,115,2024-09-20,73,268.01,19564.73,2024-09-25
388,2,3,66,2023-05-13,183,199.71,36546.93,2023-05-17
389,2,4,12,2023-05-05,370,111.79,41362.3,2023-05-18
390,1,5,48,2024-03-20,206,67.88,13983.28,2024-03-23
391,1,1,140,2024-06-08,360,288.23,103762.8,2024-06-11
392,3,1,27,2023-08-22,284,7.12,2022.08,2023-08-28
393,1,1,96,2023-03-06,481,93.09,44776.29,2023-03-15
394,10,7,168,2024-01-27,267,219.19,58523.73,2024-02-05
395,8,7,174,2024-09-06,305,34.41,10495.05,2024-09-17
396,10,6,114,2024-03-17,150,128.92,19338.0,2024-03-27
397,4,7,83,2023-04-10,336,76.98,25865.28,2023-04-17
398,4,5,81,2024-05-22,293,295.26,86511.18,2024-06-03
399,10,1,173,2024-06-16,126,42.24,5322.24,2024-06-26
400,10,7,79,2023-03-25,177,200.84,35548.68,2023-04-02
401,9,1,83,2024-12-01,341,76.98,26250.18,2024-12-04
402,5,6,101,2024-04-19,142,81.75,11608.5,2024-04-23
403,8,8,6,2023-10-09,417,109.8,45786.6,2023-10-20
404,7,9,196,2023-01-23,82,80.81,6626.42,2023-02-05
405,2,5,32,2024-09-19,469,219.82,103095.58,2024-09-24
406,1,9,75,2024-07-14,188,204.81,38504.28,2024-07-25
407,3,10,106,2024-06-18,115,144.7,16640.5,2024-06-26
408,7,3,19,2023-11-29,163,229.94,37480.22,2023-12-09
409,4,4,107,2023-05-06,243,80.59,19583.37,2023-05-16
410,2,1,62,2024-03-13,365,50.59,18465.35,2024-03-17
411,8,10,18,2024-02-21,382,261.8,100007.6,2024-03-05
412,8,9,165,2024-10-15,313,76.9,24069.7,2024-10-25
413,10,1,154,2024-01-31,362,103.33,37405.46,2024-02-12
414,7,3,165,2024-07-03,408,76.9,31375.2,2024-07-10
415,1,3,129,2024-11-20,450,68.83,30973.5,2024-12-03
416,1,5,142,2023-08-21,246,5.79,1424.34,2023-08-25
417,2,4,184,2023-12-01,334,274.28,91609.52,2023-12-14
418,4,6,88,2023-09-17,254,272.52,69220.08,2023-09-23
419,1,3,170,2023-05-25,351,280.19,98346.69,2023-06-02
420,7,8,170,2024-07-05,84,280.19,23535.96,2024-07-17
421,6,9,197,2024-06-21,335,242.25,81153.75,2024-06-28
422,9,10,176,2023-11-23,433,104.88,45413.04,2023-12-06
423,5,2,56,2023-01-17,216,103.4,22334.4,2023-01-27
424,6,4,129,2024-12-03,426,68.83,29321.58,2024-12-08
425,9,3,107,2024-11-13,214,80.59,17246.26,2024-11-25
426,3,4,89,2024-04-05,386,81.46,31443.56,2024-04-11
427,4,3,41,2023-12-17,98,288.43,28266.14,2023-12-29
428,10,2,122,2023-12-21,496,7.99,3963.04,2023-12-29
429,9,10,24,2024-04-08,282,227.8,64239.6,2024-04-21
430,6,6,198,2023-07-16,216,258.74,55887.84,2023-07-20
431,6,10,64,2024-12-11,477,237.28,113182.56,2024-12-17
432,2,10,146,2024-05-10,174,26.07,4536.18,2024-05-20
433,9,6,90,2024-09-16,370,75.58,27964.6,2024-09-27
434,1,10,110,2024-03-04,308,63.51,19561.08,2024-03-16
435,2,7,62,2024-02-16,218,50.59,11028.62,2024-02-21
436,4,10,100,2023-12-23,56,194.61,10898.16,2023-12-26
437,6,6,76,2023-12-11,324,250.95,81307.8,2023-12-20
438,7,5,31,2023-03-05,178,126.28,22477.84,2023-03-11
439,2,5,103,2024-03-15,278,29.16,8106.48,2024-03-22
440,10,7,121,2023-01-20,111,240.36,26679.96,2023-01-23
441,9,2,196,2024-03-19,323,80.81,26101.63,2024-04-01
442,2,4,47,2024-06-03,240,140.19,33645.6,2024-06-12
443,4,8,63,2023-02-14,202,57.91,11697.82,2023-02-23
444,2,5,151,2023-05-16,216,247.32,53421.12,2023-05-24
445,7,8,20,2024-05-17,175,149.14,26099.5,2024-05-27
446,9,10,50,2023-05-07,428,295.24,126362.72,2023-05-10
447,7,2,12,2023-09-04,239,111.79,26717.81,2023-09-10
448,4,6,71,2023-08-12,239,133.64,31939.96,2023-08-25
449,8,1,64,2024-09-27,497,237.28,117928.16,2024-10-04
450,2,3,37,2024-02-06,350,5.64,1974.0,2024-02-13
451,6,2,191,2024-11-06,375,233.84,87690.0,2024-11-18
452,3,1,1,2024-01-09,289,110.9,32050.1,2024-01-16
453,3,8,181,2024-02-22,308,91.54,28194.32,2024-03-04
454,7,5,104,2024-09-14,425,71.15,30238.75,2024-09-28
455,6,10,198,2024-11-16,406,258.74,105048.44,2024-11-22
456,1,4,120,2024-01-14,425,150.82,64098.5,2024-01-19
457,10,8,8,2024-01-24,318,253.64,80657.52,2024-02-04
458,9,5,63,2024-01-16,500,57.91,28955.0,2024-01-30
459,5,6,4,2023-10-14,379,18.52,7019.08,2023-10-17
460,6,9,44,2023-01-29,134,198.93,26656.62,2023-02-11
461,3,8,75,2023-04-27,309,204.81,63286.29,2023-05-02
462,9,8,139,2024-08-13,261,178.61,46617.21,2024-08-18
463,4,3,194,2024-02-25,166,31.59,5243.94,2024-03-02
464,2,9,163,2024-12-19,220,284.38,62563.6,2024-12-25
465,10,3,173,2024-05-06,235,42.24,9926.4,2024-05-14
466,10,2,23,2024-03-31,442,145.21,64182.82,2024-04-06
467,2,3,192,2023-04-26,395,188.16,74323.2,2023-05-09
468,4,5,34,2024-05-20,424,262.97,111499.28,2024-05-28
469,2,3,87,2024-10-23,83,267.97,22241.51,2024-11-05
470,4,6,102,2023-01-15,493,229.56,113173.08,2023-01-21
471,3,1,60,2024-04-13,363,95.94,34826.22,2024-04-26
472,6,10,142,2023-11-29,290,5.79,1679.1,2023-12-08
473,2,7,103,2023-11-25,357,29.16,10410.12,2023-12-01
474,8,3,67,2023-03-09,72,108.59,7818.48,2023-03-21
475,4,5,187,2024-09-08,500,208.64,104320.0,2024-09-21
476,9,2,138,2024-11-07,253,159.16,40267.48,2024-11-19
477,5,6,115,2023-07-19,434,268.01,116316.34,2023-07-29
478,5,3,170,2024-03-06,107,280.19,29980.33,2024-03-12
479,4,6,67,2024-04-26,360,108.59,39092.4,2024-05-06
480,4,5,121,2024-03-23,178,240.36,42784.08,2024-03-30
481,5,3,98,2024-12-28,51,202.32,10318.32,2025-01-01
482,6,1,167,2023-01-14,370,105.26,38946.2,2023-01-17
483,5,8,16,2023-03-10,55,105.35,5794.25,2023-03-22
484,4,3,113,2024-12-17,319,114.32,36468.08,2024-12-30
485,5,10,146,2023-07-01,109,26.07,2841.63,2023-07-15
486,6,7,86,2023-11-13,120,241.42,28970.4,2023-11-26
487,3,1,200,2023-02-21,418,113.73,47539.14,2023-03-01
488,2,9,181,2023-08-01,243,91.54,22244.22,2023-08-12
489,2,4,49,2023-08-03,282,114.01,32150.82,2023-08-15
490,4,2,148,2023-12-09,140,164.29,23000.6,2023-12-18
491,3,8,142,2023-08-27,265,5.79,1534.35,2023-09-07
492,3,5,10,2024-05-10,197,152.27,29997.19,2024-05-24
493,6,7,6,2023-08-21,340,109.8,37332.0,2023-09-02
494,7,3,129,2024-05-30,345,68.83,23746.35,2024-06-05
495,7,8,39,2024-01-02,390,92.53,36086.7,2024-01-06
496,4,5,2,2023-10-30,455,163.19,74251.45,2023-11-08
497,8,5,79,2024-06-13,486,200.84,97608.24,2024-06-20
498,1,3,19,2023-11-02,268,229.94,61623.92,2023-11-06
499,1,1,102,2023-08-24,56,229.56,12855.36,2023-08-30
500,7,4,65,2023-03-09,205,245.89,50407.45,2023-03-13
501,8,6,66,2023-08-08,205,199.71,40940.55,2023-08-13
502,1,1,136,2024-11-10,496,49.01,24308.96,2024-11-20
503,1,2,196,2023-12-19,167,80.81,13495.27,2023-12-28
504,5,10,65,2023-11-08,379,245.89,93192.31,2023-11-15
505,8,4,99,2024-06-20,492,294.31,144800.52,2024-06-25
506,7,3,30,2024-10-26,378,243.21,91933.38,2024-10-30
507,8,6,195,2023-10-27,489,43.99,21511.11,2023-10-31
508,5,2,191,2024-04-09,183,233.84,42792.72,2024-04-22
509,8,8,38,2024-10-25,373,287.41,107203.93,2024-10-30
510,8,8,37,2023-07-04,130,5.64,733.2,2023-07-16
511,2,8,79,2023-07-04,436,200.84,87566.24,2023-07-16
512,4,8,143,2023-04-19,169,14.63,2472.47,2023-05-01
513,9,2,37,2023-04-18,52,5.64,293.28,2023-04-25
514,6,8,42,2023-02-13,280,25.05,7014.0,2023-02-22
515,1,7,172,2023-05-10,348,274.46,95512.08,2023-05-23
516,7,7,181,2024-03-02,237,91.54,21694.98,2024-03-09
517,5,9,128,2023-05-14,278,217.78,60542.84,2023-05-27
518,1,10,71,2024-04-06,329,133.64,43967.56,2024-04-15
519,4,9,5,2024-09-25,185,260.61,48212.85,2024-09-30
520,10,1,143,2024-11-26,232,14.63,3394.16,2024-11-30
521,2,4,180,2023-01-16,406,209.73,85150.38,2023-01-19
522,7,6,156,2024-02-18,275,30.98,8519.5,2024-02-21
523,6,8,51,2024-05-05,119,246.05,29279.95,2024-05-15
524,3,8,90,2023-09-11,61,75.58,4610.38,2023-09-22
525,4,8,105,2024-03-19,197,63.81,12570.57,2024-03-30
526,2,8,42,2023-07-24,84,25.05,2104.2,2023-08-05
527,3,10,94,2024-06-19,371,250.7,93009.7,2024-06-28
528,10,3,5,2023-10-13,116,260.61,30230.76,2023-10-23
529,6,1,133,2023-11-20,109,262.45,28607.05,2023-11-29
530,1,4,20,2024-06-01,222,149.14,33109.08,2024-06-09
531,3,5,96,2024-08-19,446,93.09,41518.14,2024-08-29
532,3,6,37,2024-07-19,78,5.64,439.92,2024-07-30
533,1,2,169,2023-06-10,139,136.73,19005.47,2023-06-19
534,5,10,164,2023-01-16,322,91.1,29334.2,2023-01-21
535,3,5,179,2023-09-28,235,31.66,7440.1,2023-10-09
536,6,8,148,2024-04-08,244,164.29,40086.76,2024-04-13
537,2,7,132,2024-07-29,302,168.24,50808.48,2024-08-06
538,4,8,149,2024-11-28,173,221.69,38352.37,2024-12-02
539,3,2,131,2023-12-20,178,9.17,1632.26,2024-01-01
540,7,5,14,2023-01-18,176,118.51,20857.76,2023-01-30
541,10,2,19,2024-04-25,266,229.94,61164.04,2024-05-06
542,6,3,138,2023-01-02,205,159.16,32627.8,2023-01-09
543,9,9,157,2023-04-02,79,248.35,19619.65,2023-04-10
544,2,1,11,2023-02-18,227,77.76,17651.52,2023-02-27
545,1,8,100,2024-03-06,69,194.61,13428.09,2024-03-09
546,6,8,5,2023-06-21,466,260.61,121444.26,2023-06-28
547,6,8,96,2024-06-25,432,93.09,40214.88,2024-07-09
548,6,6,166,2023-07-31,85,154.93,13169.05,2023-08-06
549,5,8,102,2024-12-07,435,229.56,99858.6,2024-12-12
550,8,2,52,2023-01-08,82,39.05,3202.1,2023-01-22
551,9,5,90,2024-03-07,490,75.58,37034.2,2024-03-20
552,2,7,22,2024-09-20,406,245.73,99766.38,2024-09-27
553,5,5,20,2024-04-03,173,149.14,25801.22,2024-04-13
554,5,3,172,2023-09-23,196,274.46,53794.16,2023-09-26
555,8,9,83,2023-07-23,419,76.98,32254.62,2023-07-30
556,3,8,19,2024-09-10,214,229.94,49207.16,2024-09-20
557,9,5,132,2023-01-31,168,168.24,28264.32,2023-02-05
558,6,10,136,2023-12-05,415,49.01,20339.15,2023-12-14
559,3,3,75,2023-11-14,226,204.81,46287.06,2023-11-20
560,4,10,59,2024-09-18,124,113.92,14126.08,2024-09-23
561,10,5,82,2023-02-17,64,266.41,17050.24,2023-02-20
562,10,4,179,2024-05-04,361,31.66,11429.26,2024-05-08
563,7,7,112,2023-10-16,198,295.23,58455.54,2023-10-21
564,7,9,40,2023-01-03,80,21.86,1748.8,2023-01-08
565,4,10,146,2024-05-02,425,26.07,11079.75,2024-05-10
566,4,9,79,2023-06-17,287,200.84,57641.08,2023-06-28
567,5,10,79,2023-06-25,481,200.84,96604.04,2023-07-03
568,2,2,95,2024-08-03,202,264.79,53487.58,2024-08-16
569,7,4,187,2023-08-15,406,208.64,84707.84,2023-08-21
570,3,9,142,2023-11-21,435,5.79,2518.65,2023-11-28
571,8,1,56,2023-06-05,218,103.4,22541.2,2023-06-10
572,5,1,195,2024-05-09,491,43.99,21599.09,2024-05-14
573,9,10,46,2024-08-28,242,203.15,49162.3,2024-09-09
574,2,9,133,2023-12-14,53,262.45,13909.85,2023-12-21
575,8,7,175,2023-02-23,221,261.93,57886.53,2023-03-02
576,4,9,105,2024-01-22,325,63.81,20738.25,2024-01-26
577,4,7,104,2023-10-16,290,71.15,20633.5,2023-10-19
578,1,10,21,2024-12-02,205,76.06,15592.3,2024-12-08
579,7,10,104,2023-09-20,217,71.15,15439.55,2023-10-03
580,5,8,132,2024-09-23,208,168.24,34993.92,2024-10-03
581,2,7,127,2023-10-18,472,212.34,100224.48,2023-10-22
582,2,3,143,2024-12-11,335,14.63,4901.05,2024-12-23
583,6,5,120,2024-05-17,156,150.82,23527.92,2024-05-26
584,8,2,56,2023-02-24,256,103.4,26470.4,2023-03-03
585,3,1,72,2024-06-26,413,25.64,10589.32,2024-07-03
586,8,2,153,2024-04-02,290,245.2,71108.0,2024-04-14
587,6,8,67,2023-10-26,125,108.59,13573.75,2023-11-02
588,8,3,112,2024-07-03,127,295.23,37494.21,2024-07-07
589,4,1,163,2024-02-22,177,284.38,50335.26,2024-03-04
590,8,1,40,2023-01-16,373,21.86,8153.78,2023-01-19
591,5,6,86,2024-10-06,476,241.42,114915.92,2024-10-09
592,10,6,134,2024-07-20,161,105.51,16987.11,2024-07-29
593,4,6,76,2023-10-13,86,250.95,21581.7,2023-10-19
594,3,10,151,2024-08-07,81,247.32,20032.92,2024-08-19
595,7,8,81,2024-04-20,198,295.26,58461.48,2024-05-03
596,7,4,126,2023-05-01,341,168.27,57380.07,2023-05-06
597,3,1,104,2023-04-08,316,71.15,22483.4,2023-04-14
598,7,9,140,2023-02-17,195,288.23,56204.85,2023-03-01
599,7,4,141,2023-12-21,83,199.83,16585.89,2023-12-27
600,1,8,167,2023-11-08,58,105.26,6105.08,2023-11-12
601,2,1,71,2023-11-13,53,133.64,7082.92,2023-11-23
602,7,2,20,2024-03-11,86,149.14,12826.04,2024-03-14
603,4,6,54,2024-07-29,273,192.1,52443.3,2024-08-02
604,4,7,118,2024-06-02,113,77.42,8748.46,2024-06-06
605,10,4,183,2023-02-15,375,28.3,10612.5,2023-02-26
606,2,7,73,2023-08-19,447,217.33,97146.51,2023-09-02
607,5,10,10,2023-04-27,406,152.27,61821.62,2023-05-03
608,7,6,54,2023-10-17,373,192.1,71653.3,2023-10-21
609,7,2,60,2023-04-28,227,95.94,21778.38,2023-05-04
610,10,3,126,2024-12-07,229,168.27,38533.83,2024-12-16
611,4,7,60,2024-03-26,231,95.94,22162.14,2024-03-29
612,3,3,111,2024-12-15,352,232.88,81973.76,2024-12-20
613,4,3,38,2023-01-10,370,287.41,106341.7,2023-01-17
614,7,4,72,2023-08-17,286,25.64,7333.04,2023-08-31
615,9,8,161,2023-12-07,128,184.62,23631.36,2023-12-11
616,8,10,64,2023-07-15,327,237.28,77590.56,2023-07-25
617,7,2,184,2023-07-27,187,274.28,51290.36,2023-08-06
618,9,2,67,2024-01-05,78,108.59,8470.02,2024-01-08
619,6,6,84,2024-03-23,401,130.42,52298.42,2024-04-02
620,9,9,184,2024-11-23,157,274.28,43061.96,2024-11-29
621,8,2,97,2024-07-17,83,69.73,5787.59,2024-07-27
622,6,8,7,2023-12-10,376,77.22,29034.72,2023-12-22
623,1,7,123,2024-09-24,233,124.9,29101.7,2024-09-30
624,9,2,48,2024-06-17,51,67.88,3461.88,2024-06-29
625,2,10,174,2023-02-24,416,34.41,14314.56,2023-03-09
626,4,8,39,2023-02-16,327,92.53,30257.31,2023-02-26
627,4,4,137,2023-02-14,162,39.94,6470.28,2023-02-22
628,1,10,171,2024-01-04,487,257.52,125412.24,2024-01-15
629,9,6,6,2023-10-21,468,109.8,51386.4,2023-10-29
630,3,3,123,2024-05-12,474,124.9,59202.6,2024-05-25
631,4,1,17,2023-10-04,301,263.38,79277.38,2023-10-07
632,6,1,98,2024-07-06,283,202.32,57256.56,2024-07-16
633,5,6,189,2024-02-06,190,92.28,17533.2,2024-02-09
634,9,8,8,2024-08-28,284,253.64,72033.76,2024-09-10
635,10,2,166,2024-02-08,348,154.93,53915.64,2024-02-19
636,3,1,114,2023-04-19,189,128.92,24365.88,2023-04-30
637,7,8,37,2024-04-14,457,5.64,2577.48,2024-04-19
638,10,1,56,2024-12-10,472,103.4,48804.8,2024-12-14
639,9,1,102,2023-08-10,436,229.56,100088.16,2023-08-13
640,3,8,81,2024-05-24,235,295.26,69386.1,2024-06-07
641,5,5,90,2024-04-11,268,75.58,20255.44,2024-04-19
642,2,6,171,2023-05-03,85,257.52,21889.2,2023-05-12
643,2,4,174,2023-11-13,73,34.41,2511.93,2023-11-21
644,7,4,41,2024-06-11,82,288.43,23651.26,2024-06-24
645,10,3,191,2023-01-14,272,233.84,63604.48,2023-01-18
646,4,8,68,2023-01-09,162,263.73,42724.26,2023-01-15
647,9,2,158,2023-03-21,499,20.99,10474.01,2023-04-04
648,9,7,56,2023-09-01,474,103.4,49011.6,2023-09-07
649,5,9,184,2024-05-30,112,274.28,30719.36,2024-06-08
650,8,4,136,2023-09-13,371,49.01,18182.71,2023-09-18
651,9,10,92,2024-06-21,226,73.22,16547.72,2024-06-24
652,3,2,38,2023-09-29,153,287.41,43973.73,2023-10-10
653,5,9,111,2023-06-11,211,232.88,49137.68,2023-06-17
654,10,7,19,2023-12-20,208,229.94,47827.52,2023-12-27
655,5,5,64,2024-10-22,223,237.28,52913.44,2024-10-25
656,10,6,79,2023-07-14,191,200.84,38360.44,2023-07-25
657,3,7,134,2024-03-27,155,105.51,16354.05,2024-04-09
658,7,2,99,2023-11-03,180,294.31,52975.8,2023-11-17
659,6,2,195,2024-01-13,160,43.99,7038.4,2024-01-24
660,6,1,173,2023-07-19,62,42.24,2618.88,2023-07-26
661,8,3,83,2024-05-24,213,76.98,16396.74,2024-06-02
662,4,10,14,2024-02-26,411,118.51,48707.61,2024-03-08
663,7,7,91,2024-02-29,399,104.08,41527.92,2024-03-10
664,1,1,187,2023-12-12,200,208.64,41728.0,2023-12-25
665,4,3,147,2024-11-14,434,41.68,18089.12,2024-11-19
666,2,5,26,2023-01-04,349,23.89,8337.61,2023-01-16
667,3,8,7,2023-01-18,365,77.22,28185.3,2023-01-31
668,9,5,174,2024-07-06,253,34.41,8705.73,2024-07-11
669,3,3,128,2024-02-05,462,217.78,100614.36,2024-02-09
670,8,5,156,2024-01-29,220,30.98,6815.6,2024-02-04
671,7,2,62,2024-02-07,131,50.59,6627.29,2024-02-10
672,4,1,71,2023-11-05,169,133.64,22585.16,2023-11-10
673,9,1,17,2024-09-30,400,263.38,105352.0,2024-10-11
674,9,6,189,2024-03-04,68,92.28,6275.04,2024-03-15
675,6,10,89,2024-03-16,188,81.46,15314.48,2024-03-30
676,5,10,153,2023-04-17,343,245.2,84103.6,2023-04-21
677,7,2,192,2024-12-22,330,188.16,62092.8,2024-12-27
678,4,3,52,2023-07-02,348,39.05,13589.4,2023-07-09
679,7,5,200,2024-05-16,480,113.73,54590.4,2024-05-29
680,10,8,2,2024-08-01,251,163.19,40960.69,2024-08-06
681,9,2,190,2023-07-18,318,7.39,2350.02,2023-07-26
682,3,3,140,2024-04-27,86,288.23,24787.78,2024-05-11
683,4,2,167,2023-04-24,383,105.26,40314.58,2023-05-03
684,8,3,134,2023-12-27,443,105.51,46740.93,2024-01-07
685,1,9,24,2023-01-21,360,227.8,82008.0,2023-01-27
686,1,1,32,2023-01-04,69,219.82,15167.58,2023-01-14
687,8,4,125,2023-03-08,253,70.37,17803.61,2023-03-15
688,8,5,103,2024-07-26,162,29.16,4723.92,2024-08-01
689,9,8,71,2023-10-05,348,133.64,46506.72,2023-10-15
690,9,4,45,2024-01-26,464,202.57,93992.48,2024-02-01
691,5,5,123,2024-06-05,165,124.9,20608.5,2024-06-13
692,8,9,3,2024-09-22,172,249.67,42943.24,2024-10-03
693,2,2,85,2024-01-12,59,169.43,9996.37,2024-01-16
694,8,5,133,2024-02-28,136,262.45,35693.2,2024-03-06
695,1,3,106,2023-05-31,341,144.7,49342.7,2023-06-12
696,2,6,16,2023-12-08,391,105.35,41191.85,2023-12-20
697,9,8,121,2024-02-03,152,240.36,36534.72,2024-02-07
698,5,6,143,2024-09-04,173,14.63,2530.99,2024-09-07
699,5,9,28,2024-01-26,160,258.59,41374.4,2024-02-07
700,4,1,99,2024-05-27,70,294.31,20601.7,2024-06-02
701,10,9,103,2024-03-26,389,29.16,11343.24,2024-04-01
702,4,6,87,2023-02-25,150,267.97,40195.5,2023-03-03
703,7,7,176,2023-06-29,214,104.88,22444.32,2023-07-13
704,1,9,147,2024-12-11,227,41.68,9461.36,2024-12-21
705,7,8,126,2024-07-13,96,168.27,16153.92,2024-07-26
706,6,1,172,2023-12-03,244,274.46,66968.24,2023-12-07
707,7,8,187,2024-07-30,452,208.64,94305.28,2024-08-02
708,8,8,85,2024-11-29,304,169.43,51506.72,2024-12-10
709,8,9,117,2023-11-18,369,133.49,49257.81,2023-11-26
710,3,3,39,2024-06-26,379,92.53,35068.87,2024-07-03
711,7,4,16,2023-03-25,264,105.35,27812.4,2023-04-01
712,2,1,170,2023-02-17,356,280.19,99747.64,2023-02-22
713,6,9,155,2024-12-10,352,209.63,73789.76,2024-12-19
714,4,5,82,2024-03-21,333,266.41,88714.53,2024-04-02
715,9,6,185,2024-10-16,200,80.32,16064.0,2024-10-26
716,2,8,120,2023-08-04,376,150.82,56708.32,2023-08-10
717,3,5,123,2024-09-16,150,124.9,18735.0,2024-09-27
718,10,1,42,2023-07-30,487,25.05,12199.35,2023-08-09
719,1,9,90,2024-09-06,351,75.58,26528.58,2024-09-10
720,1,7,166,2023-12-05,348,154.93,53915.64,2023-12-11
721,3,3,10,2023-09-17,451,152.27,68673.77,2023-09-28
722,1,5,97,2023-01-22,60,69.73,4183.8,2023-01-28
723,3,2,148,2024-08-20,227,164.29,37293.83,2024-08-26
724,5,3,99,2023-06-21,117,294.31,34434.27,2023-07-04
725,5,3,56,2023-11-27,207,103.4,21403.8,2023-12-09
726,9,3,23,2024-11-12,227,145.21,32962.67,2024-11-26
727,6,3,181,2024-06-09,399,91.54,36524.46,2024-06-15
728,1,3,188,2024-03-12,255,256.73,65466.15,2024-03-25
729,9,9,109,2023-06-17,238,174.86,41616.68,2023-06-22
730,9,1,38,2023-01-08,425,287.41,122149.25,2023-01-13
731,9,1,157,2023-05-27,476,248.35,118214.6,2023-06-03
732,2,2,160,2024-02-11,237,134.24,31814.88,2024-02-25
733,4,6,23,2024-05-19,227,145.21,32962.67,2024-06-02
734,3,4,79,2023-07-19,227,200.84,45590.68,2023-07-23
735,10,3,6,2024-10-02,454,109.8,49849.2,2024-10-15
736,3,3,31,2023-04-29,185,126.28,23361.8,2023-05-07
737,6,6,161,2023-03-22,114,184.62,21046.68,2023-03-26
738,7,9,101,2023-01-22,429,81.75,35070.75,2023-01-30
739,3,9,160,2023-03-24,111,134.24,14900.64,2023-03-31
740,10,8,63,2023-02-04,444,57.91,25712.04,2023-02-10
741,6,6,190,2023-04-23,221,7.39,1633.19,2023-04-30
742,6,6,103,2023-03-26,222,29.16,6473.52,2023-04-09
743,3,4,186,2024-07-22,95,51.6,4902.0,2024-07-27
744,3,10,96,2023-07-08,486,93.09,45241.74,2023-07-16
745,5,4,102,2024-03-31,152,229.56,34893.12,2024-04-08
746,8,5,185,2023-03-20,75,80.32,6024.0,2023-03-30
747,4,9,2,2023-05-22,124,163.19,20235.56,2023-06-03
748,3,4,9,2023-09-25,321,123.34,39592.14,2023-10-09
749,8,5,44,2023-11-17,449,198.93,89319.57,2023-11-23
750,4,2,176,2023-04-21,262,104.88,27478.56,2023-05-04
751,7,6,75,2024-09-01,90,204.81,18432.9,2024-09-07
752,8,5,25,2024-03-01,479,115.16,55161.64,2024-03-15
753,7,5,59,2024-03-04,450,113.92,51264.0,2024-03-18
754,9,3,67,2024-10-13,328,108.59,35617.52,2024-10-21
755,6,2,107,2024-10-12,378,80.59,30463.02,2024-10-23
756,7,8,149,2023-12-13,438,221.69,97100.22,2023-12-25
757,6,8,53,2023-07-15,208,88.12,18328.96,2023-07-23
758,7,3,153,2024-08-05,152,245.2,37270.4,2024-08-10
759,10,4,65,2024-03-19,297,245.89,73029.33,2024-03-27
760,6,5,25,2024-06-30,238,115.16,27408.08,2024-07-14
761,5,10,69,2023-07-01,292,180.99,52849.08,2023-07-06
762,1,6,37,2024-05-21,60,5.64,338.4,2024-05-28
763,9,1,119,2023-03-02,147,226.39,33279.33,2023-03-08
764,3,10,26,2023-06-05,419,23.89,10009.91,2023-06-13
765,3,7,1,2024-10-25,165,110.9,18298.5,2024-10-30
766,7,3,78,2023-08-01,125,155.8,19475.0,2023-08-08
767,4,1,57,2024-08-05,474,135.34,64151.16,2024-08-15
768,10,7,194,2024-09-23,216,31.59,6823.44,2024-10-05
769,2,7,1,2024-10-30,274,110.9,30386.6,2024-11-06
770,6,6,128,2024-08-13,429,217.78,93427.62,2024-08-27
771,9,7,158,2023-09-11,346,20.99,7262.54,2023-09-16
772,2,8,12,2023-07-09,173,111.79,19339.67,2023-07-19
773,2,2,46,2023-09-26,66,203.15,13407.9,2023-10-10
774,7,10,100,2023-09-30,158,194.61,30748.38,2023-10-10
775,3,4,2,2023-09-26,134,163.19,21867.46,2023-10-07
776,7,7,18,2023-10-28,413,261.8,108123.4,2023-11-01
777,9,10,42,2023-06-11,257,25.05,6437.85,2023-06-21
778,7,3,178,2023-05-08,345,15.59,5378.55,2023-05-22
779,2,7,135,2024-07-05,164,247.52,40593.28,2024-07-15
780,5,6,158,2024-03-19,215,20.99,4512.85,2024-03-24
781,8,7,124,2024-08-20,147,214.99,31603.53,2024-09-02
782,7,1,32,2023-06-20,230,219.82,50558.6,2023-07-02
783,4,7,188,2024-02-02,329,256.73,84464.17,2024-02-15
784,4,10,55,2024-03-24,479,19.99,9575.21,2024-04-07
785,2,9,185,2024-06-15,71,80.32,5702.72,2024-06-24
786,2,7,196,2023-08-13,212,80.81,17131.72,2023-08-24
787,1,5,63,2024-02-04,81,57.91,4690.71,2024-02-13
788,3,1,63,2024-01-07,55,57.91,3185.05,2024-01-21
789,7,8,67,2024-05-05,391,108.59,42458.69,2024-05-18
790,8,4,22,2023-08-22,305,245.73,74947.65,2023-08-27
791,2,6,75,2024-04-03,109,204.81,22324.29,2024-04-15
792,10,7,21,2024-05-15,153,76.06,11637.18,2024-05-26
793,3,7,147,2023-12-03,144,41.68,6001.92,2023-12-08
794,1,7,26,2024-08-05,422,23.89,10081.58,2024-08-14
795,8,5,150,2024-04-06,413,288.76,119257.88,2024-04-12
796,4,6,93,2023-04-15,130,125.24,16281.2,2023-04-27
797,9,2,146,2023-05-30,97,26.07,2528.79,2023-06-11
798,7,3,7,2024-07-22,384,77.22,29652.48,2024-07-29
799,6,1,68,2023-10-17,415,263.73,109447.95,2023-10-27
800,8,5,189,2023-08-20,148,92.28,13657.44,2023-09-02
801,2,7,47,2024-10-11,320,140.19,44860.8,2024-10-24
802,9,5,45,2023-04-07,252,202.57,51047.64,2023-04-21
803,10,10,112,2023-05-14,361,295.23,106578.03,2023-05-20
804,6,8,3,2024-11-25,360,249.67,89881.2,2024-12-01
805,6,2,23,2024-02-03,70,145.21,10164.7,2024-02-16
806,1,2,135,2024-08-20,190,247.52,47028.8,2024-08-23
807,10,1,197,2024-05-17,486,242.25,117733.5,2024-05-23
808,6,9,22,2024-06-12,106,245.73,26047.38,2024-06-23
809,7,1,179,2023-01-07,66,31.66,2089.56,2023-01-13
810,2,10,80,2024-08-10,326,71.27,23234.02,2024-08-15
811,4,6,160,2024-09-05,307,134.24,41211.68,2024-09-11
812,8,8,140,2024-07-22,183,288.23,52746.09,2024-07-25
813,9,5,13,2024-04-28,315,259.03,81594.45,2024-05-06
814,4,7,113,2023-11-27,52,114.32,5944.64,2023-12-09
815,2,3,40,2024-10-05,202,21.86,4415.72,2024-10-10
816,7,4,116,2023-07-23,256,221.47,56696.32,2023-08-05
817,1,9,130,2024-03-14,381,250.63,95490.03,2024-03-19
818,9,1,33,2024-09-23,133,163.2,21705.6,2024-10-05
819,3,8,106,2023-10-09,78,144.7,11286.6,2023-10-15
820,7,7,27,2024-12-24,490,7.12,3488.8,2025-01-03
821,3,9,29,2023-04-27,267,68.2,18209.4,2023-05-03
822,6,1,32,2023-07-18,232,219.82,50998.24,2023-07-26
823,1,2,66,2024-01-25,373,199.71,74491.83,2024-02-01
824,3,5,85,2024-02-23,356,169.43,60317.08,2024-03-05
825,2,5,92,2023-08-29,197,73.22,14424.34,2023-09-11
826,4,5,73,2023-10-14,330,217.33,71718.9,2023-10-27
827,10,6,44,2023-02-11,118,198.93,23473.74,2023-02-24
828,4,10,5,2023-09-24,272,260.61,70885.92,2023-10-03
829,6,4,143,2023-06-16,123,14.63,1799.49,2023-06-28
830,7,10,6,2023-06-09,98,109.8,10760.4,2023-06-23
831,3,8,30,2024-06-28,90,243.21,21888.9,2024-07-12
832,4,4,163,2023-11-13,267,284.38,75929.46,2023-11-23
833,1,4,144,2024-09-19,372,207.78,77294.16,2024-09-24
834,10,6,62,2023-07-25,111,50.59,5615.49,2023-08-03
835,5,8,31,2023-01-07,320,126.28,40409.6,2023-01-20
836,9,6,40,2023-12-27,260,21.86,5683.6,2024-01-09
837,9,8,127,2023-11-06,432,212.34,91730.88,2023-11-15
838,8,1,153,2024-02-25,350,245.2,85820.0,2024-03-01
839,4,3,31,2023-05-22,162,126.28,20457.36,2023-05-31
840,2,2,42,2024-02-19,145,25.05,3632.25,2024-02-22
841,7,10,44,2024-04-07,165,198.93,32823.45,2024-04-10
842,10,7,11,2024-05-05,346,77.76,26904.96,2024-05-19
843,9,8,58,2024-05-12,271,27.2,7371.2,2024-05-26
844,3,10,129,2024-06-23,174,68.83,11976.42,2024-07-07
845,4,3,49,2023-02-20,374,114.01,42639.74,2023-02-28
846,2,2,150,2023-12-19,140,288.76,40426.4,2023-12-29
847,10,9,28,2023-04-23,477,258.59,123347.43,2023-04-28
848,2,6,175,2024-03-19,466,261.93,122059.38,2024-03-26
849,7,7,198,2024-04-09,172,258.74,44503.28,2024-04-23
850,6,1,124,2024-06-25,50,214.99,10749.5,2024-07-02
851,9,5,169,2024-03-02,411,136.73,56196.03,2024-03-09
852,5,10,179,2024-12-29,318,31.66,10067.88,2025-01-02
853,5,8,115,2023-05-03,475,268.01,127304.75,2023-05-14
854,2,6,122,2023-12-19,415,7.99,3315.85,2024-01-02
855,9,4,71,2024-06-23,114,133.64,15234.96,2024-07-03
856,9,10,19,2024-10-20,234,229.94,53805.96,2024-11-01
857,7,2,85,2024-01-14,468,169.43,79293.24,2024-01-26
858,1,2,51,2023-09-15,360,246.05,88578.0,2023-09-19
859,7,5,122,2023-05-31,419,7.99,3347.81,2023-06-05
860,2,8,87,2023-03-21,228,267.97,61097.16,2023-04-04
861,10,2,120,2024-12-31,285,150.82,42983.7,2025-01-07
862,8,10,125,2023-04-30,50,70.37,3518.5,2023-05-06
863,10,3,170,2024-08-10,191,280.19,53516.29,2024-08-18
864,4,1,76,2024-02-01,177,250.95,44418.15,2024-02-11
865,6,2,128,2023-08-27,162,217.78,35280.36,2023-09-06
866,2,9,173,2023-11-27,357,42.24,15079.68,2023-12-03
867,6,8,5,2024-07-10,142,260.61,37006.62,2024-07-19
868,9,4,144,2023-11-15,266,207.78,55269.48,2023-11-25
869,4,3,13,2024-11-13,278,259.03,72010.34,2024-11-21
870,2,8,22,2023-10-26,310,245.73,76176.3,2023-10-29
871,9,3,185,2023-05-12,126,80.32,10120.32,2023-05-21
872,2,9,187,2024-12-03,279,208.64,58210.56,2024-12-06
873,5,5,96,2024-04-23,98,93.09,9122.82,2024-05-02
874,6,5,174,2023-05-13,196,34.41,6744.36,2023-05-21
875,5,9,125,2023-02-22,167,70.37,11751.79,2023-03-06
876,6,9,40,2024-08-12,345,21.86,7541.7,2024-08-24
877,3,4,89,2024-05-22,385,81.46,31362.1,2024-05-29
878,3,10,53,2023-11-11,89,88.12,7842.68,2023-11-18
879,3,7,25,2023-09-26,342,115.16,39384.72,2023-10-01
880,10,8,31,2023-07-23,88,126.28,11112.64,2023-07-31
881,6,2,125,2023-10-11,150,70.37,10555.5,2023-10-25
882,7,10,45,2023-10-06,374,202.57,75761.18,2023-10-20
883,10,8,85,2024-08-30,102,169.43,17281.86,2024-09-13
884,10,8,7,2024-06-29,475,77.22,36679.5,2024-07-11
885,4,4,200,2024-02-02,373,113.73,42421.29,2024-02-05
886,5,8,132,2024-09-06,225,168.24,37854.0,2024-09-11
887,9,4,33,2024-12-03,84,163.2,13708.8,2024-12-06
888,2,3,22,2023-05-05,390,245.73,95834.7,2023-05-18
889,1,6,52,2024-01-25,56,39.05,2186.8,2024-02-05
890,1,2,159,2024-06-17,242,135.4,32766.8,2024-06-23
891,10,1,50,2024-10-18,392,295.24,115734.08,2024-10-25
892,8,2,77,2023-05-29,155,183.97,28515.35,2023-06-03
893,10,6,164,2023-11-10,72,91.1,6559.2,2023-11-20
894,2,8,161,2023-09-28,427,184.62,78832.74,2023-10-08
895,4,9,78,2024-04-30,499,155.8,77744.2,2024-05-07
896,6,7,74,2023-12-29,155,210.68,32655.4,2024-01-12
897,3,1,191,2023-12-12,86,233.84,20110.24,2023-12-15
898,6,4,155,2023-10-25,464,209.63,97268.32,2023-10-30
899,4,4,129,2024-04-07,250,68.83,17207.5,2024-04-12
900,6,9,126,2024-01-23,146,168.27,24567.42,2024-02-02
901,10,9,176,2023-07-04,258,104.88,27059.04,2023-07-12
902,3,4,133,2024-06-24,307,262.45,80572.15,2024-06-29
903,6,8,151,2024-02-04,120,247.32,29678.4,2024-02-11
904,9,9,34,2023-03-04,180,262.97,47334.6,2023-03-13
905,9,4,76,2023-01-29,281,250.95,70516.95,2023-02-03
906,7,5,94,2023-09-13,397,250.7,99527.9,2023-09-26
907,7,9,110,2024-02-13,173,63.51,10987.23,2024-02-16
908,5,8,170,2024-08-24,475,280.19,133090.25,2024-08-30
909,7,3,68,2023-02-07,381,263.73,100481.13,2023-02-18
910,5,7,184,2024-04-10,50,274.28,13714.0,2024-04-17
911,9,2,95,2024-11-06,64,264.79,16946.56,2024-11-15
912,10,9,74,2023-01-06,293,210.68,61729.24,2023-01-19
913,8,7,108,2023-09-11,239,246.69,58958.91,2023-09-23
914,6,5,154,2024-06-22,84,103.33,8679.72,2024-07-01
915,9,10,23,2023-04-13,114,145.21,16553.94,2023-04-20
916,1,5,186,2023-02-28,343,51.6,17698.8,2023-03-05
917,5,6,2,2024-02-10,342,163.19,55810.98,2024-02-18
918,1,6,64,2024-01-08,474,237.28,112470.72,2024-01-22
919,2,9,23,2024-06-14,300,145.21,43563.0,2024-06-28
920,1,7,84,2023-02-25,91,130.42,11868.22,2023-02-28
921,1,9,57,2023-05-23,354,135.34,47910.36,2023-06-04
922,1,7,138,2024-05-06,285,159.16,45360.6,2024-05-20
923,4,1,92,2023-05-21,457,73.22,33461.54,2023-05-25
924,7,6,50,2023-07-27,400,295.24,118096.0,2023-07-30
925,6,10,181,2024-02-20,206,91.54,18857.24,2024-03-02
926,1,4,197,2023-10-10,436,242.25,105621.0,2023-10-20
927,8,10,115,2024-07-28,158,268.01,42345.58,2024-08-06
928,8,9,69,2024-09-28,60,180.99,10859.4,2024-10-01
929,4,2,50,2023-02-11,197,295.24,58162.28,2023-02-18
930,2,6,101,2024-01-14,374,81.75,30574.5,2024-01-25
931,2,2,172,2023-10-28,279,274.46,76574.34,2023-11-09
932,10,4,90,2024-02-04,381,75.58,28795.98,2024-02-14
933,4,2,60,2024-05-12,398,95.94,38184.12,2024-05-17
934,7,6,76,2023-10-18,196,250.95,49186.2,2023-10-27
935,6,9,142,2023-08-27,379,5.79,2194.41,2023-09-02
936,4,7,109,2023-08-30,468,174.86,81834.48,2023-09-07
937,6,6,158,2023-09-18,147,20.99,3085.53,2023-09-29
938,8,1,165,2023-04-27,433,76.9,33297.7,2023-05-02
939,2,7,32,2023-12-16,261,219.82,57373.02,2023-12-23
940,8,1,50,2023-06-15,409,295.24,120753.16,2023-06-25
941,2,9,192,2023-02-18,71,188.16,13359.36,2023-02-24
942,4,8,130,2023-05-29,146,250.63,36591.98,2023-06-03
943,9,7,169,2023-11-27,487,136.73,66587.51,2023-12-11
944,4,8,132,2023-11-23,203,168.24,34152.72,2023-11-28
945,2,3,187,2024-05-02,247,208.64,51534.08,2024-05-10
946,2,1,22,2023-06-17,53,245.73,13023.69,2023-06-22
947,8,1,163,2024-12-12,444,284.38,126264.72,2024-12-15
948,2,8,59,2023-11-09,207,113.92,23581.44,2023-11-22
949,10,9,79,2024-06-04,291,200.84,58444.44,2024-06-14
950,5,5,158,2024-06-19,146,20.99,3064.54,2024-06-24
951,5,6,113,2023-12-07,326,114.32,37268.32,2023-12-18
952,5,7,134,2023-01-29,73,105.51,7702.23,2023-02-03
953,4,5,126,2023-03-06,477,168.27,80264.79,2023-03-19
954,7,2,40,2024-10-08,56,21.86,1224.16,2024-10-20
955,6,2,189,2024-03-24,181,92.28,16702.68,2024-03-30
956,8,10,15,2024-05-17,121,205.68,24887.28,2024-05-25
957,6,6,78,2023-11-11,206,155.8,32094.8,2023-11-14
958,6,8,196,2023-10-20,333,80.81,26909.73,2023-11-01
959,4,5,57,2023-06-22,303,135.34,41008.02,2023-06-25
960,1,4,50,2023-11-04,142,295.24,41924.08,2023-11-15
961,4,9,46,2023-07-31,102,203.15,20721.3,2023-08-11
962,10,7,47,2023-03-20,422,140.19,59160.18,2023-03-27
963,5,10,13,2024-06-28,344,259.03,89106.32,2024-07-06
964,1,2,128,2023-08-10,322,217.78,70125.16,2023-08-20
965,8,2,196,2023-10-03,246,80.81,19879.26,2023-10-16
966,7,4,137,2023-11-06,216,39.94,8627.04,2023-11-18
967,4,1,161,2023-11-12,199,184.62,36739.38,2023-11-16
968,9,10,181,2024-07-25,468,91.54,42840.72,2024-08-06
969,3,5,28,2023-09-06,100,258.59,25859.0,2023-09-09
970,9,6,162,2023-08-13,170,9.03,1535.1,2023-08-27
971,4,8,50,2023-06-13,309,295.24,91229.16,2023-06-16
972,5,2,171,2023-01-26,399,257.52,102750.48,2023-02-04
973,6,3,6,2024-10-06,428,109.8,46994.4,2024-10-19
974,9,5,93,2023-02-27,434,125.24,54354.16,2023-03-05
975,10,9,96,2024-05-07,393,93.09,36584.37,2024-05-13
976,10,3,101,2024-03-07,218,81.75,17821.5,2024-03-20
977,5,5,163,2023-07-18,445,284.38,126549.1,2023-07-25
978,1,9,16,2023-05-01,381,105.35,40138.35,2023-05-13
979,4,9,37,2024-07-15,116,5.64,654.24,2024-07-29
980,10,7,25,2024-10-04,446,115.16,51361.36,2024-10-09
981,4,3,81,2024-04-10,432,295.26,127552.32,2024-04-17
982,8,9,76,2023-05-22,139,250.95,34882.05,2023-05-30
983,6,6,180,2023-04-07,272,209.73,57046.56,2023-04-10
984,6,9,83,2024-03-12,469,76.98,36103.62,2024-03-18
985,8,1,108,2024-05-11,84,246.69,20721.96,2024-05-24
986,5,4,5,2023-02-19,242,260.61,63067.62,2023-03-04
987,3,10,149,2023-05-18,248,221.69,54979.12,2023-05-24
988,4,9,117,2023-02-21,420,133.49,56065.8,2023-02-27
989,3,4,172,2023-08-20,190,274.46,52147.4,2023-08-23
990,8,10,89,2024-08-31,140,81.46,11404.4,2024-09-06
991,4,2,79,2023-08-06,70,200.84,14058.8,2023-08-09
992,1,10,134,2023-07-11,119,105.51,12555.69,2023-07-18
993,10,9,16,2023-08-31,374,105.35,39400.9,2023-09-08
994,10,1,7,2023-12-10,492,77.22,37992.24,2023-12-15
995,10,8,41,2023-04-03,146,288.43,42110.78,2023-04-10
996,1,1,162,2024-03-13,485,9.03,4379.55,2024-03-22
997,4,4,183,2023-11-27,237,28.3,6707.1,2023-12-07
998,7,7,143,2024-04-15,282,14.63,4125.66,2024-04-23
999,7,2,166,2024-02-02,467,154.93,72352.31,2024-02-13
1000,8,2,122,2023-06-02,226,7.99,1805.74,2023-06-08
